0.518091790918424,0.910546170649235,0.331033087797842,1.0525919143177,-0.606587914421592,-2.53491221228324,-2006.018466,0,-1158.174886,-0.000388063,0.000678325,-0.000785042,-5.54972e-05,0.000637402,0.000191087
0.529582447221472,0.835577544574094,0.313994311498846,1.08527834315967,-0.607946012533901,-2.57027863922114,-1810.995176,0,-1444.221018,-0.000230777,0.000617643,-0.000948744,-5.95506e-05,0.000709245,0.000239291
0.544084671417763,0.755628336640653,0.304187218467296,1.11109701885571,-0.615783065521329,-2.5964294816171,-1575.518538,0,-1698.003828,-0.000181194,0.000572141,-0.001054886,-8.8662e-05,0.00077854,0.000168578
0.561659502034564,0.672764178052568,0.300760755965723,1.13079400682919,-0.629401509438683,-2.61423068283415,-1304.846378,0,-1913.857855,-6.39092e-05,0.000539185,-0.001159848,-0.000106975,0.000820373,0.000165552
0.582343761330302,0.588880279782145,0.303131844572153,1.14519892368369,-0.648323720449923,-2.62451159366224,-1005.027876,0,-2086.958573,4.84384e-05,0.000463216,-0.001243834,-0.000115627,0.000894521,0.00013329
0.606126121943597,0.505712380846204,0.311002505968723,1.15505825599055,-0.672231219948856,-2.62789237845383,-682.7573467,0,-2213.441019,0.000213136,0.000378601,-0.001304641,-7.1763e-05,0.000961074,0.000184742
0.632914797009089,0.424899968843976,0.324337601965201,1.16097921130145,-0.700891385216789,-2.62472857474018,-345.2353356,0,-2290.479106,0.000313495,0.000287736,-0.001292081,-8.2704e-05,0.000965005,0.000168016
0.662500209310058,0.34805560478406,0.343330999371576,1.16342843637863,-0.734088937744471,-2.61511289266582,0,0,-2316.35,0.000399484,0.000199472,-0.001295722,-4.54823e-05,0.000966789,7.73461e-05
0.694512974396555,0.276832402225689,0.368365031410052,1.16275310496105,-0.771563356423245,-2.59890533064482,345.2353356,0,-2290.479106,0.000482908,9.54372e-05,-0.001276881,-1.76838e-05,0.001037544,9.45728e-06
0.728384577793745,0.212978889609378,0.399974976948649,1.15919557783196,-0.812962529454103,-2.57576348474852,682.7573467,0,-2213.441019,0.000532462,-9.02815e-06,-0.001193431,-3.87721e-06,0.000953537,-3.21487e-05
0.763318961216227,0.158376149344963,0.438796610041051,1.15291156314432,-0.85781189657744,-2.5451964566902,1005.027876,0,-2086.958573,0.000606819,-7.8077e-05,-0.001093458,3.43383e-05,0.000895955,-2.38403e-05
0.798284921659135,0.11505457028462,0.485503596188066,1.14397539429644,-0.905512367418857,-2.506629863849,1304.846378,0,-1913.857855,0.000659848,-0.000131203,-0.001016614,3.84268e-05,0.000834817,-5.90074e-05
0.832042316644195,0.0851699053659926,0.540714070098762,1.13238881871196,-0.955371339829691,-2.45951012269279,1575.518538,0,-1698.003828,0.00065595,-0.000184031,-0.000831026,8.41612e-05,0.000749331,-9.84824e-05
0.863204251173636,0.0709196093592235,0.604849781162104,1.11809976204919,-1.00665940842694,-2.40346392474784,1810.995176,0,-1444.221018,0.000668782,-0.000188195,-0.00071013,0.000103729,0.000658396,-9.06324e-05
0.890337406760516,0.0743572228042946,0.677935485128203,1.10104140333052,-1.05867742345926,-2.33852317114224,2006.018466,0,-1158.174886,0.000633241,-0.000212371,-0.000632419,0.000103488,0.000545128,-0.000112345
0.932479810276445,0.00585029511507849,0.637815223748826,1.15480230205948,-1.07162237483794,-2.3962872355834,2187.544766,0,-1262.980148,0.000717734,-0.00023627,-0.000679967,5.00126e-05,0.000623702,-0.000120472
0.899466366946502,0.0047099371243982,0.555703236443971,1.1739424469239,-1.0140447656661,-2.47108379540717,1974.874503,0,-1574.910831,0.000728888,-0.000205737,-0.000801064,7.95281e-05,0.000752806,-0.000193913
0.861791008685479,0.0242197443649955,0.484707612777288,1.19055557441931,-0.956868934080597,-2.53503270283348,1718.088885,0,-1851.65852,0.000805115,-0.000166267,-0.000920289,9.14881e-05,0.000881734,-8.11361e-05
0.821301882440669,0.0615765331405333,0.424313755508798,1.20490361238976,-0.900963617891145,-2.58867581801787,1422.923812,0,-2087.04607,0.000771686,-0.000102007,-0.001019645,4.55909e-05,0.000904163,-7.30838e-05
0.779755269928721,0.114012576223148,0.373626897337388,1.2171755506717,-0.847275441447056,-2.63294409260206,1095.973035,0,-2275.811101,0.000772517,-7.26618e-05,-0.001212642,3.28026e-05,0.00100308,-4.23939e-06
0.738680076258258,0.178973670262373,0.331603851827548,1.22746087770639,-0.796688028820299,-2.66888339768699,744.5394258,0,-2413.738191,0.000669021,1.95392e-05,-0.001260272,5.61435e-06,0.001003822,-3.07461e-06
0.699297908336365,0.254176813785643,0.29719804538329,1.23575238842563,-0.74991854784329,-2.69748465966347,376.4753359,0,-2497.747803,0.000545893,0.000119346,-0.001321428,-1.41683e-05,0.001009451,-8.4434e-06
0.662500209310058,0.337606079965861,0.269449237992739,1.24195497809315,-0.70747171457445,-2.71958439564334,0,0,-2525.96,0.00050243,0.000239118,-0.001361813,-0.000106751,0.001060246,7.78019e-05
0.628873501612329,0.427471046526345,0.247536454177426,1.2458907077737,-0.669646809870864,-2.73581211970786,-376.4753359,0,-2497.747803,0.000355148,0.000307559,-0.001339687,-2.83038e-05,0.000972068,7.35459e-05
0.598750687250305,0.522148474534134,0.230824900584174,1.24727157091357,-0.636582228568372,-2.74653583802048,-744.5394258,0,-2413.738191,0.00023848,0.000428764,-0.001271911,-5.87307e-05,0.00093932,0.000143463
0.572272742576324,0.620103303627933,0.218901836690018,1.24565289898367,-0.608317016823932,-2.75181023698264,-1095.973035,0,-2275.811101,0.000104196,0.000531923,-0.001271607,-5.37365e-05,0.00089638,0.000120474
0.549449236008944,0.719778690864719,0.211637749290614,1.24033295757454,-0.584868864422179,-2.75127312935863,-1422.923812,0,-2087.04607,7.4395e-05,0.000610043,-0.001088159,-6.922e-05,0.000768066,0.000298118
0.530208398387592,0.819446232846518,0.209273327143795,1.23020567586319,-0.566323210465985,-2.74399263499159,-1718.088885,0,-1851.65852,-0.000121777,0.000672172,-0.000967271,-4.75005e-05,0.000701535,0.00021002
0.514436827991318,0.916988168526508,0.212564088376163,1.21355036201443,-0.552955090571131,-2.72823594213093,-1974.874503,0,-1574.910831,-0.000228998,0.000788891,-0.00082214,-3.29349e-05,0.000676388,0.000280027
0.502008490929643,1.00960982225213,0.222992156465604,1.18780574238388,-0.545413400002084,-2.70120187063101,-2187.544766,0,-1262.980148,-0.000395409,0.000763695,-0.000561901,-2.56875e-05,0.000416229,0.000158863
0.580958176027603,1.01689927644141,0.265064312748068,1.19113607162666,-0.632177713922709,-2.68227044655025,-1937.663631,-599.5145392,-1118.711278,-0.000204076,0.000122503,-0.000452542,-2.81668e-05,0.000408245,-0.000114971
0.592879831091987,0.939787933903672,0.255976566592505,1.21132340775908,-0.639637191804539,-2.70354502576636,-1749.287882,-599.5144719,-1395.008723,-0.000111882,9.02234e-05,-0.000663848,1.0053e-05,0.000550056,-0.000126683
0.607859485916372,0.858171194595112,0.254021449113487,1.22418137349863,-0.652562654487718,-2.7149161495304,-1521.83213,-599.5144402,-1640.147987,1.22788e-05,5.12179e-05,-0.000793033,2.35872e-06,0.000615163,-0.00012786
0.625912645307699,0.774560048875275,0.258007338509543,1.23147580920667,-0.670350643736861,-2.71836648918333,-1260.385447,-599.5143262,-1848.645623,9.85885e-05,-7.01626e-06,-0.000940819,-3.07803e-06,0.000686577,-0.000192983
0.647020464771501,0.691010907722444,0.267235222386737,1.23455071509847,-0.69264089985788,-2.71526971309428,-970.7824186,-599.5144804,-2015.846883,0.000210133,-6.11979e-05,-0.001051359,1.29037e-05,0.000718856,-0.000197746
0.671104300469817,0.609269362188001,0.281398942941664,1.23436697713226,-0.71919989448073,-2.7064556328201,-659.491271,-599.5143556,-2138.020681,0.000329495,-0.000124424,-0.001098794,-2.18852e-05,0.000837767,-0.000192414
0.697996674970948,0.530905946624821,0.300489633203592,1.2315924125596,-0.749833760097294,-2.69232340516073,-333.4716897,-599.5144276,-2212.43203,0.00044567,-0.000201557,-0.001137127,-2.62367e-05,0.000870779,-0.000207555
0.727410334656217,0.457417090800133,0.324710707457118,1.22669395228233,-0.784320743201325,-2.67295639925854,0,-599.5144486,-2237.422218,0.000565747,-0.000284753,-0.001154,2.88017e-05,0.000912849,-0.000272782
0.758904433616647,0.39030368816073,0.354413848324787,1.21999708606878,-0.822358443857835,-2.6482049478942,333.4716897,-599.5144276,-2212.43203,0.000636633,-0.000352622,-0.001183279,5.64316e-05,0.000971349,-0.000276589
0.791858776607458,0.331113596520111,0.390039549508134,1.21172454777664,-0.863527687213035,-2.61775798801644,659.491271,-599.5143556,-2138.020681,0.000747534,-0.000423845,-0.001082725,7.35377e-05,0.00091244,-0.000296791
0.825461549383424,0.281458964989173,0.432056594750538,1.20201405906826,-0.907276040953954,-2.58120997317493,970.7824186,-599.5144804,-2015.846883,0.000776255,-0.000484177,-0.000984846,8.59234e-05,0.000849708,-0.00036545
0.858714911082866,0.243008157116021,0.480882221066718,1.19092634745322,-0.952919724698633,-2.53814657791322,1260.385447,-599.5143262,-1848.645623,0.000813015,-0.000527862,-0.000887862,8.19338e-05,0.000847678,-0.00039579
0.890471170539718,0.217435348046106,0.536792938177541,1.17844135840029,-0.999678870010345,-2.48824253569057,1521.83213,-599.5144402,-1640.147987,0.000818088,-0.0005533,-0.00078407,0.000118666,0.000679861,-0.000406261
0.919495498581547,0.206319616391655,0.599796805664425,1.1644653797714,-1.04672901930423,-2.43140542957779,1749.287882,-599.5144719,-1395.008723,0.000852588,-0.000580077,-0.000664495,0.000139066,0.000640921,-0.000390057
0.944548347712821,0.210980469638953,0.669476701878918,1.14884555248909,-1.09325692716507,-2.36795038924327,1937.663631,-599.5145392,-1118.711278,0.000800519,-0.00060573,-0.000510333,0.000119467,0.000501655,-0.000477344
0.991133499231539,0.169408553727483,0.63579793991078,1.20001192015026,-1.11440453315451,-2.41873802708902,2113.006815,-653.7658803,-1219.944088,0.000948412,-0.000603402,-0.00054368,0.00012251,0.000591913,-0.000448554
0.961182445339198,0.16571300343042,0.557064841795412,1.21710918068716,-1.06330384799267,-2.49190189946539,1907.582887,-653.7658087,-1521.246778,0.000965455,-0.000607545,-0.000705647,0.000135212,0.000723479,-0.000465994
0.926618298261876,0.180363874055338,0.486417212696033,1.23314996550256,-1.01114988594879,-2.55729418371112,1659.546344,-653.7658478,-1788.566074,0.000908414,-0.000593669,-0.000845069,0.000115302,0.000812542,-0.000497897
0.888991500645696,0.211638030986755,0.424044040529242,1.24848776119133,-0.958949122028346,-2.61495069572778,1374.438256,-653.7659385,-2015.931184,0.000954612,-0.000556789,-0.000955166,0.000128603,0.000913622,-0.000429282
0.849836293070804,0.257615415924829,0.369645551033374,1.26337588327029,-0.907751287651554,-2.6653843022614,1058.629898,-653.7658479,-2198.26418,0.001000307,-0.000518744,-0.001050583,0.000129071,0.00092236,-0.000333988
0.810554594154637,0.316379465713718,0.322622953332528,1.27797168922854,-0.858538814168124,-2.70936677219925,719.1692633,-653.7658409,-2331.492766,0.000802007,-0.000455594,-0.001166268,5.2782e-05,0.000952965,-0.000442186
0.772337254263135,0.38612415605496,0.282216084978964,1.29236568084553,-0.81214117366839,-2.747778184326,363.6466525,-653.7657712,-2412.638977,0.000802593,-0.000379719,-0.001217514,9.73164e-05,0.000959644,-0.000225709
0.736120050349779,0.465215226959499,0.24759528503772,1.30661817949272,-0.769182302684918,-2.78151636567945,0,-653.7657366,-2439.890797,0.000692716,-0.000318958,-0.001239589,6.70542e-05,0.000965398,-0.000253792
0.702583035122309,0.552211401762599,0.217922893555346,1.3207956206045,-0.730073399916812,-2.811450113236,-363.6466525,-653.7657712,-2412.638977,0.000579958,-0.000207758,-0.001236985,6.00165e-06,0.000954343,-0.000179816
0.672175823372931,0.64587316403559,0.192385498961283,1.33500364093197,-0.695032595217722,-2.83840921411789,-719.1692633,-653.7658409,-2331.492766,0.00048952,-0.000102785,-0.001220021,4.87277e-06,0.000918893,-8.28655e-05
0.645159056987083,0.745168525026376,0.170201980004013,1.34942141248548,-0.664120827980214,-2.86320464428872,-1058.629898,-653.7658479,-2198.26418,0.000415546,-4.07547e-05,-0.001167251,3.0714e-06,0.000859431,-2.13208e-06
0.621652525416245,0.849284288363498,0.150605473585183,1.36435049290413,-0.637283150003446,-2.886684331823,-1374.438256,-653.7659385,-2015.931184,0.000151394,3.501e-05,-0.001057433,3.97932e-05,0.000703991,-0.000162927
0.601677346271703,0.957695441205597,0.132769390270065,1.38032941766578,-0.614378290323505,-2.90987855330482,-1659.546344,-653.7658478,-1788.566074,5.7369e-05,6.462e-05,-0.000897812,-1.05055e-05,0.000657308,-0.00015252
0.585195508027677,1.07037267074789,0.115603851562708,1.39844679923946,-0.59519342994912,-2.93438284510313,-1907.582887,-653.7658087,-1521.246778,-6.96253e-05,0.00014808,-0.000718489,1.52755e-05,0.000534104,-0.000112336
0.572138611405315,1.18869275675792,0.096950203282105,1.42160280586465,-0.57938987621977,-2.96386206528922,-2113.006815,-653.7658803,-1219.944088,-0.000172494,0.00017106,-0.000586499,5.24372e-05,0.000440224,-0.000112342
0.469539467629677,0.828088613737539,0.387698602039754,0.93043224043802,-0.599548449500657,-2.40738839356406,-1991.063802,282.293409,-1149.540959,-0.000327742,0.00093415,-0.000464476,1.55078e-06,0.000415869,0.000351093
0.480267815079067,0.755352212637551,0.36606000648287,0.968788946790156,-0.59506609578835,-2.44899981800512,-1797.49588,282.2933159,-1433.455339,-0.000205779,0.000896365,-0.000682257,-1.6883e-05,0.000551689,0.00039265
0.493838399101271,0.677650788242348,0.351356844973257,1.00195546282588,-0.597533224976595,-2.48332493089674,-1563.773705,282.2934305,-1685.345618,-0.000217007,0.000841776,-0.000817336,-8.34067e-05,0.000606839,0.00019504
0.510330359382294,0.596694353939174,0.342993444491192,1.02980936451921,-0.606308607461533,-2.51030926400363,-1295.120009,282.2933756,-1899.59097,-8.30696e-05,0.000756539,-0.000997691,-5.59734e-05,0.000759462,0.000237789
0.52980718960406,0.514155960706908,0.34052971939312,1.05251987079137,-0.620900820484992,-2.53010200807025,-997.5354948,282.2933954,-2071.401292,9.18738e-05,0.000720927,-0.001012588,-5.92319e-05,0.000768928,0.000404053
0.55229338075023,0.431654190241935,0.343725651127641,1.07038404732755,-0.640953515635734,-2.54288172075106,-677.6675767,282.2933786,-2196.940633,0.000188138,0.000628193,-0.001073052,-3.99554e-05,0.000821562,0.00031742
0.577744271416043,0.350778056268717,0.352559125151403,1.08371611727217,-0.6662064452982,-2.54873698797756,-342.660757,282.2934035,-2273.403494,0.000250146,0.000542973,-0.001175598,-2.70214e-05,0.000881082,0.00024947
0.606007721425136,0.273135545811481,0.367220124916808,1.09279351816313,-0.696441607725905,-2.54760802175091,0,282.2934265,-2299.08206,0.000350401,0.000446464,-0.001179785,-4.78514e-05,0.00090801,0.000241244
0.636780560628718,0.200409047884202,0.388098308269334,1.0978323121625,-0.731430016768184,-2.53926051336435,342.660757,282.2934035,-2273.403494,0.000395431,0.000359832,-0.001199376,-2.85764e-05,0.00097077,0.00012261
0.669563330423676,0.134412809013997,0.415763609858224,1.09897892593682,-0.770884778693255,-2.52328336272988,677.6675767,282.2933786,-2196.940633,0.000513538,0.000273545,-0.001116441,-3.65177e-05,0.000945297,0.000201154
0.703622176408212,0.0771439296500151,0.450936312405012,1.09631009253758,-0.814429553041431,-2.49910873221135,997.5354948,282.2933954,-2071.401292,0.000553911,0.000211483,-0.001067183,6.06353e-06,0.000890778,0.000158624
0.737970617894214,0.0308171361835969,0.494440407317114,1.08983765611815,-0.861594066081749,-2.46605907277583,1295.120009,282.2933756,-1899.59097,0.000561812,9.67546e-05,-0.000950836,6.05004e-05,0.000792458,9.66131e-05
0.771382653061008,-0.00212889825457648,0.547127949325522,1.07952084910333,-0.911843765701293,-2.4234339541239,1563.773705,282.2934305,-1685.345618,0.000584949,6.44978e-05,-0.000805081,6.49936e-05,0.000706256,0.000104471
0.802448832195434,-0.0190907754514492,0.609745287295081,1.06530378203622,-0.964638408093921,-2.37066883554636,1797.49588,282.2933159,-1433.455339,0.000583025,-1.3518e-05,-0.000725908,5.37572e-05,0.000648122,4.32454e-05
0.829674405584201,-0.0174695317788888,0.682721010734629,1.04718020436916,-1.01949670946815,-2.30757663345538,1991.063802,282.293409,-1149.540959,0.00055766,-3.77538e-05,-0.000591239,9.47923e-05,0.000499347,1.01012e-05
0.866991338492179,-0.101414387034795,0.635485527370936,1.10409023906475,-1.02301536043535,-2.37275047752791,2171.235124,307.8349762,-1253.561994,0.000615253,-2.94316e-05,-0.00064226,7.05752e-05,0.000611292,2.31493e-05
0.833525538108711,-0.0992173273897427,0.554250678320017,1.12495411211367,-0.962307927365065,-2.44522451375342,1960.150248,307.8349307,-1563.168065,0.000692013,-5.04963e-07,-0.000737741,9.67434e-05,0.000723713,9.1717e-05
0.795662767614339,-0.0753830869866045,0.485919449331221,1.14169723382617,-0.903575198905866,-2.5049244206064,1705.27853,307.8349774,-1837.853278,0.000683664,4.35272e-05,-0.000920859,8.03207e-05,0.000827896,7.91727e-05
0.755359030417208,-0.0334942454629109,0.429357301865192,1.15454913594283,-0.847385484107328,-2.5527725365287,1412.314917,307.8349349,-2071.484883,0.000694484,9.38444e-05,-0.00100735,9.89834e-05,0.000902183,8.68453e-05
0.71441167234061,0.0231514192366844,0.383221838966107,1.16372344693863,-0.794446196156678,-2.58997094307997,1087.802109,307.8348617,-2258.843875,0.000672672,0.000201649,-0.001131856,5.34751e-05,0.000931501,0.000162119
0.674326060459274,0.091659820455028,0.346187723922511,1.16934617225519,-0.745445161458146,-2.61771349782848,738.9870357,307.83496,-2395.741876,0.000571228,0.000259528,-0.001180699,3.95483e-05,0.000961582,0.000125254
0.636252781789562,0.169531236062198,0.317057308485561,1.17144014481337,-0.700937637489165,-2.63703948674791,373.6676524,307.8349552,-2479.123607,0.000550083,0.000377035,-0.001229402,-3.51326e-05,0.00095825,0.000222382
0.600985350275891,0.254608147301131,0.294822099700084,1.16991904202464,-0.661302768755395,-2.64875435136279,0,307.8349204,-2507.12669,0.000412194,0.000490035,-0.001280091,-2.69624e-05,0.000986606,0.000215061
0.569006733254341,0.344994336720503,0.278694524198838,1.16458413808236,-0.626761050904291,-2.65339434583113,-373.6676524,307.8349552,-2479.123607,0.000342745,0.000588396,-0.00127059,-4.30219e-05,0.000931817,0.000313863
0.540554737769617,0.438970971574917,0.268128330926927,1.15510888013817,-0.597426005037322,-2.65120491231498,-738.9870357,307.83496,-2395.741876,0.00022878,0.00071382,-0.001258404,-8.99369e-05,0.000913094,0.00032862
0.515691097164558,0.53490664269612,0.262842486619131,1.14100752281541,-0.573376883414229,-2.64211447311638,-1087.802109,307.8348617,-2258.843875,7.81444e-05,0.000794855,-0.001194811,-0.000104283,0.000854863,0.000313271
0.49436457485551,0.631152382205448,0.262853704548365,1.12159847454954,-0.554744179939862,-2.62570577062573,-1412.314917,307.8349349,-2071.484883,-7.30244e-05,0.000918433,-0.001201907,-0.000101286,0.000801899,0.000262058
0.476458815675364,0.725939146538761,0.268510804124539,1.09599442111896,-0.54179862659713,-2.60121424591091,-1705.27853,307.8349774,-1837.853278,-0.000144963,0.000977497,-0.0009904,-0.000105136,0.000731308,0.000361627
0.461829793483448,0.817271911787293,0.28053967459034,1.06314880044684,-0.535055475822617,-2.56757618711532,-1960.150248,307.8349307,-1563.168065,-0.000246923,0.000996208,-0.000800411,-3.47757e-05,0.000599812,0.000351634
0.450331612367864,0.902868234268257,0.30005269683214,1.02206584634439,-0.535373572201702,-2.52364247469545,-2171.235124,307.8349762,-1253.561994,-0.000322665,0.001064162,-0.000630231,-5.70664e-05,0.000480039,0.000420664
0.143724363172679,0.584562473442788,0.523543350573507,0.28177054779949,-0.5411369007192,-1.81399867639934,-2006.018466,0,-1158.174886,-0.000167153,-7.01613e-05,-0.000281747,3.97464e-05,0.000424601,-0.000307916
0.14754815099548,0.509139770292143,0.48938219583168,0.306230417128609,-0.509408104890793,-1.84012198971701,-1810.995176,0,-1444.221018,-6.24646e-05,-9.73827e-05,-0.000424015,5.0256e-05,0.000535761,-0.000229464
0.152443075270591,0.428282634576899,0.460905341971485,0.33260151798177,-0.483736311217681,-1.86756592212116,-1575.518538,0,-1698.003828,-0.000104505,-7.19278e-05,-0.000591756,7.59654e-05,0.000603733,-0.000340645
0.158483245749832,0.34296043211199,0.43776325399802,0.360538931934477,-0.463816445396859,-1.89601108533999,-1304.846378,0,-1913.857855,5.74526e-05,-5.68079e-05,-0.000707382,7.88612e-05,0.00071757,-0.000193519
0.165752861148029,0.254201344562813,0.419629291621912,0.389611301036632,-0.449364018411186,-1.92503342894246,-1005.027876,0,-2086.958573,0.000102324,-5.21322e-05,-0.000843892,0.000109476,0.000771029,-0.000196216
0.174341198232921,0.163067602525011,0.406250198143919,0.419278921836029,-0.440159045122018,-1.95407961199718,-682.7573467,0,-2213.441019,0.000179714,-3.76872e-05,-0.000892282,0.000126474,0.000862314,-0.000151505
0.184333461378049,0.0706617059651938,0.397488962774299,0.448862780444899,-0.436077632459736,-1.98243256598098,-345.2353356,0,-2290.479106,0.000299214,-4.49854e-05,-0.000944365,0.000146906,0.000875193,-2.47484e-05
0.195796736432193,-0.0218482405621897,0.393362778227913,0.477511946822419,-0.437112917964255,-2.00917420931005,0,0,-2316.35,0.000338546,-2.66952e-05,-0.000995099,0.0001777,0.000904557,-2.55513e-05
0.208758197752925,-0.113174537882313,0.394080240497374,0.504176087584326,-0.443388268488422,-2.03315202428482,345.2353356,0,-2290.479106,0.000387252,-4.10706e-05,-0.000954421,0.000168655,0.000891416,6.87819e-06
0.223174361160063,-0.201826452982626,0.400097596451512,0.527579643158499,-0.455181106385771,-2.05294400738789,682.7573467,0,-2213.441019,0.000434791,-2.96763e-05,-0.000925983,0.000166394,0.000889115,7.08786e-05
0.238890532362419,-0.285988282893657,0.412187702841317,0.546221569650766,-0.472954831931602,-2.06684656018967,1005.027876,0,-2086.958573,0.000432114,-5.18291e-05,-0.000830664,0.000202439,0.000814355,3.98317e-05
0.255592305479608,-0.363333129192295,0.43155346240388,0.558394635728708,-0.497435383063292,-2.07287580532667,1304.846378,0,-1913.857855,0.000467652,-4.4108e-05,-0.000803362,0.000224392,0.000765155,0.000124243
0.272758266015592,-0.430751060544778,0.459993261178726,0.562261633296119,-0.529757424507499,-2.06881758669389,1575.518538,0,-1698.003828,0.000426387,-2.52226e-05,-0.000681247,0.000201011,0.000650683,0.000134139
0.289628274037375,-0.483943075661775,0.50014034966497,0.556031092878766,-0.57172871524543,-2.05236446033779,1810.995176,0,-1444.221018,0.000446682,-7.99955e-06,-0.000582883,0.000177328,0.000591984,0.000198379
0.305213431750363,-0.516869681880114,0.55577203767215,0.538323941520989,-0.626248156407528,-2.02142695647513,2006.018466,0,-1158.174886,0.000390203,1.44303e-05,-0.000460598,0.000188349,0.000412629,0.000199192
0.331297956521664,-0.650434986602997,0.449523654602154,0.66959316455831,-0.55161842230951,-2.16398330302305,2187.544766,0,-1262.980148,0.000455387,-1.79111e-05,-0.000522993,0.000198954,0.000528887,0.000230582
0.310661023399391,-0.596695851257139,0.399553513095549,0.689992258521822,-0.500928910364972,-2.19739709399107,1974.874503,0,-1574.910831,0.000506392,-4.08106e-05,-0.000662066,0.000247031,0.000671918,0.000206507
0.288840216864862,-0.523759146921948,0.365128514487237,0.694064179734565,-0.46150444997371,-2.21117388185761,1718.088885,0,-1851.65852,0.000487605,-5.33972e-05,-0.000764858,0.000238068,0.000769414,0.000129249
0.267177836833596,-0.438145140241404,0.341752405088216,0.684867057285438,-0.430540036275578,-2.20929153204203,1422.923812,0,-2087.04607,0.000509926,-6.46487e-05,-0.000905608,0.000252081,0.000832901,0.000103468
0.246613074297623,-0.344092910464696,0.326595900763116,0.665321045877315,-0.406566528424335,-2.19528262062096,1095.973035,0,-2275.811101,0.000511744,-5.88481e-05,-0.000931308,0.00021872,0.000889722,3.83294e-05
0.227712061706412,-0.244495777682917,0.317859572114586,0.638012586627839,-0.388745878130767,-2.1721564390547,744.5394258,0,-2413.738191,0.000466627,-6.52663e-05,-0.001035886,0.000180603,0.000916512,1.88775e-05
0.210749122406877,-0.141444209868016,0.314408881999534,0.605165386956347,-0.376550939063039,-2.14243431266996,376.4753359,0,-2497.747803,0.000458364,-5.04424e-05,-0.001024209,0.000168855,0.000964597,6.31494e-06
0.195796736432193,-0.0365456365860578,0.315565036790741,0.568653247881211,-0.369639550242339,-2.10819996562609,0,0,-2525.96,0.00039664,-6.24995e-05,-0.001034081,0.000129147,0.000938037,-2.45914e-05
0.182803330524694,0.0688718791250409,0.320976337634099,0.530033853245088,-0.367810803676878,-2.07115740126905,-376.4753359,0,-2497.747803,0.000316654,-5.35889e-05,-0.001032635,0.000176915,0.000897887,-0.000116823
0.171650387420847,0.173630994142047,0.330550615437139,0.490570208292257,-0.371004700182958,-2.03266726083041,-744.5394258,0,-2413.738191,0.000235734,-4.53835e-05,-0.001016806,0.00015885,0.00091579,-0.00011995
0.162190950275459,0.276616759989821,0.344405850966638,0.451273821906835,-0.379303433772776,-1.99380088325557,-1095.973035,0,-2275.811101,0.000140794,-3.6123e-05,-0.00092181,0.000104346,0.00083408,-0.000175173
0.154273946425351,0.376714947303783,0.362845128501186,0.412943192519054,-0.392939741658623,-1.95538520728947,-1422.923812,0,-2087.04607,8.5565e-05,-5.28814e-05,-0.000811562,7.88888e-05,0.00078275,-0.000190186
0.147757817712681,0.472780532356924,0.386326706401576,0.376214274824173,-0.412288792311593,-1.91805817171765,-1718.088885,0,-1851.65852,1.15427e-05,-5.75453e-05,-0.000692687,8.314e-05,0.0006824,-0.000206479
0.142517892947691,0.563633332933822,0.415425259456768,0.341606542686639,-0.437842284251879,-1.8823182198852,-1974.874503,0,-1574.910831,-8.74465e-05,-5.87223e-05,-0.000486807,4.59013e-05,0.000555918,-0.00025772
0.138449768698736,0.648092272337816,0.45077694621648,0.309553901015524,-0.470159897795774,-1.84855775242252,-2187.544766,0,-1262.980148,-0.000232811,-6.61854e-05,-0.000368041,6.43772e-05,0.000404195,-0.000417635
0.22379476619342,0.599340730361461,0.52571771928022,0.425803124721071,-0.567227679005211,-1.93614543938041,-1937.663631,-599.5145392,-1118.711278,-0.000201597,-0.000647208,-0.000259797,7.55262e-05,0.00042741,-0.000677339
0.229477402380011,0.526825633519968,0.493430875018373,0.458172210817134,-0.540161818776432,-1.9709368763229,-1749.287882,-599.5144719,-1395.008723,-7.24995e-05,-0.000655553,-0.000414198,8.89043e-05,0.00048833,-0.000572892
0.236728290028815,0.449218602115766,0.466871092902964,0.492033231235872,-0.519482617968466,-2.00629334964808,-1521.83213,-599.5144402,-1640.147987,-5.86489e-05,-0.000647579,-0.000556483,0.000126903,0.000584312,-0.000632986
0.245638283126709,0.367533090202426,0.445752644034951,0.52669635802947,-0.50494336818289,-2.04155381241112,-1260.385447,-599.5143262,-1848.645623,3.81699e-05,-0.000635108,-0.000661284,0.000117794,0.000655059,-0.000523968
0.256306929145574,0.282847520842259,0.429817510456891,0.561407942842552,-0.49630937569332,-2.07596421779795,-970.7824186,-599.5144804,-2015.846883,0.000163063,-0.000613601,-0.000765507,0.000159312,0.00074142,-0.00044054
0.268832380341087,0.196293493789224,0.418886496771023,0.59535187949073,-0.49339604278436,-2.10867424139702,-659.491271,-599.5143556,-2138.020681,0.000186939,-0.000596696,-0.000796794,0.000184474,0.000741803,-0.000426792
0.283296638564693,0.109062223275507,0.412906586506921,0.627640996520328,-0.496096097680457,-2.13872212999599,-333.4716897,-599.5144276,-2212.43203,0.000293313,-0.00059014,-0.000869994,0.000224319,0.000826286,-0.000377554
0.29974437516953,0.0224279848694019,0.411983410307042,0.657317434199508,-0.504386423670202,-2.16502822117424,0,-599.5144486,-2237.422218,0.000332839,-0.000570371,-0.000873938,0.000248165,0.000835683,-0.00039092
0.318151097601139,-0.0621925648849297,0.416422375832276,0.683342689683806,-0.518333578884619,-2.18637542528586,333.4716897,-599.5144276,-2212.43203,0.000374751,-0.000552088,-0.00090447,0.000241265,0.000856515,-0.000366208
0.338382515514483,-0.143163577347387,0.426772612010922,0.704596780654363,-0.538097001768873,-2.20139668003296,659.491271,-599.5143556,-2138.020681,0.000400704,-0.000541005,-0.00082127,0.000251286,0.00081729,-0.000314616
0.360145606628643,-0.218519807853234,0.443886933839393,0.719881143611674,-0.56394683281379,-2.20856285707932,970.7824186,-599.5144804,-2015.846883,0.000451646,-0.000500013,-0.00082707,0.000261674,0.000803197,-0.000257849
0.382934925512102,-0.285807856166107,0.468996482609412,0.727938265688084,-0.59630747849759,-2.20618561566368,1260.385447,-599.5143262,-1848.645623,0.00046763,-0.000468441,-0.000729584,0.000296909,0.000748367,-0.000220669
0.405990812721008,-0.341880833919493,0.503817547737681,0.727500309171684,-0.635865652926171,-2.19244390193378,1521.83213,-599.5144402,-1640.147987,0.000467561,-0.000440903,-0.000684851,0.000265321,0.000706676,-0.000175915
0.428285915097761,-0.382638939836645,0.550659466510899,0.717426420572817,-0.683749030608005,-2.16550022103583,1749.287882,-599.5144719,-1395.008723,0.000418257,-0.000394419,-0.000576634,0.000251042,0.00057414,-0.000179579
0.448561377092911,-0.402759067353835,0.612493176604521,0.696983178854942,-0.741772008884108,-2.1237695452283,1937.663631,-599.5145392,-1118.711278,0.000423768,-0.000362217,-0.000426419,0.000236713,0.000468556,-0.000142007
0.502591644528109,-0.503715127802917,0.532032361703706,0.825479074408977,-0.714825055319274,-2.25660246005517,2113.006815,-653.7658803,-1219.944088,0.000497312,-0.000405244,-0.000495471,0.000289819,0.000572496,-0.000158902
0.475595913548538,-0.470857066772957,0.469329296302882,0.850165038925387,-0.655256045367665,-2.30519772350497,1907.582887,-653.7658087,-1521.246778,0.000519441,-0.000484549,-0.000621551,0.000340617,0.000657564,-0.000213134
0.446382538248917,-0.416299201663778,0.423201156630805,0.861626303185699,-0.6051126794092,-2.33498492798153,1659.546344,-653.7658478,-1788.566074,0.000527193,-0.000508237,-0.00072284,0.000356246,0.000742012,-0.000221665
0.416698870892377,-0.346351107684449,0.389692990125074,0.861497338712874,-0.562599717011266,-2.34889541505009,1374.438256,-653.7659385,-2015.931184,0.000519918,-0.000575231,-0.000776695,0.00037907,0.000818906,-0.000335996
0.38789145202092,-0.265506885311274,0.365998756421699,0.851462153837368,-0.526848456666998,-2.34958959358013,1058.629898,-653.7658479,-2198.26418,0.000532221,-0.000581229,-0.000877316,0.000349058,0.000880606,-0.000287551
0.36087827856987,-0.177028948837044,0.350156483435558,0.833055939471104,-0.497423788841071,-2.33933721015867,719.1692633,-653.7658409,-2331.492766,0.000506995,-0.000586018,-0.000892687,0.000298752,0.000845914,-0.000309199
0.33620262179349,-0.0833738104899904,0.340814329885177,0.807648111488458,-0.474071074533475,-2.32005746024711,363.6466525,-653.7657712,-2412.638977,0.000453325,-0.000641454,-0.000939994,0.000293756,0.000913354,-0.000410435
0.314117201876809,0.0135325959885573,0.337074493865474,0.776468513005255,-0.456616953331203,-2.29338656209394,0,-653.7657366,-2439.890797,0.000368487,-0.000638245,-0.00093029,0.000278326,0.000913341,-0.000449584
0.294674850459884,0.112098408933131,0.338390019034004,0.740646536283019,-0.444951935145223,-2.26074749311028,-363.6466525,-653.7657712,-2412.638977,0.000349109,-0.0006386,-0.00093088,0.000240114,0.000879791,-0.000427286
0.277803838873781,0.210933082902564,0.344497194169305,0.701241548879288,-0.439044883476213,-2.22340397290367,-719.1692633,-653.7658409,-2331.492766,0.000247734,-0.000661859,-0.000917037,0.000238675,0.000855973,-0.000491671
0.263364625601343,0.30875322633425,0.355370627174222,0.659266387001075,-0.438966118686932,-2.18250159545256,-1058.629898,-653.7658479,-2198.26418,0.000153107,-0.000671529,-0.000809088,0.000180179,0.000785322,-0.00056417
0.251189854162188,0.404311328109441,0.371190212799949,0.615708573647124,-0.444906471412604,-2.13910185604536,-1374.438256,-653.7659385,-2015.931184,6.55145e-05,-0.000669194,-0.000752416,0.00018081,0.000731164,-0.000594506
0.241108583169651,0.496363123107635,0.392308158838605,0.571547349879808,-0.457180893647132,-2.09420902586032,-1659.546344,-653.7658478,-1788.566074,-5.38213e-06,-0.000701275,-0.000602244,0.000146786,0.000624485,-0.000607397
0.232962588055064,0.583651534444426,0.419209422650682,0.52776542909405,-0.476214140585521,-2.04878872575941,-1907.582887,-653.7658087,-1521.246778,-8.0079e-05,-0.000659046,-0.00040983,8.41649e-05,0.000533693,-0.000614051
0.22661447824504,0.664938055364114,0.452447967028373,0.485348742199249,-0.502492522043901,-2.00377421994557,-2113.006815,-653.7658803,-1219.944088,-0.000170766,-0.000730872,-0.000280532,5.4562e-05,0.000459175,-0.000668569
0.0805242757880021,0.567479039753287,0.534089416010352,0.157217583643194,-0.539543159595927,-1.70597313450779,-1991.065104,282.2935936,-1149.54171,-0.000224113,0.000135701,-0.000377029,3.3119e-05,0.000443464,-0.000257151
0.0826757319170151,0.492114226905003,0.499308325030605,0.171363309347387,-0.505535490155718,-1.72106827602344,-1797.497056,282.2935005,-1433.456276,-0.000105307,0.000142305,-0.000529878,8.05736e-05,0.000501798,-0.000137427
0.0854314440016015,0.411299609155666,0.470090119532279,0.186858853147385,-0.477218283307532,-1.73718505980486,-1563.774728,282.2936151,-1685.346721,-7.11413e-05,0.000158022,-0.000656409,4.48735e-05,0.000629898,-0.000165194
0.0888343638790679,0.325956541454083,0.446090148126253,0.203584529421345,-0.454265515037755,-1.75421896087566,-1295.120856,282.2935603,-1899.592212,2.60746e-05,0.000167656,-0.000762425,7.39118e-05,0.000727316,-0.000121669
0.0929338505078582,0.237061881790066,0.426981617283243,0.221369907308861,-0.436369518531313,-1.77200485031918,-997.5361473,282.2935801,-2071.402647,9.31678e-05,0.000181792,-0.000886086,0.000121094,0.00081983,-6.39247e-05
0.0977828352037827,0.145627413483306,0.412499676256321,0.23997319884374,-0.423283077498971,-1.79029530746813,-677.66802,282.2935633,-2196.94207,0.000166683,0.000182237,-0.000988694,0.000135929,0.000893095,-4.35029e-05
0.103433127350102,0.0527012545716486,0.402485342480323,0.25904907667084,-0.414859533319949,-1.80872657429048,-342.6609811,282.2935882,-2273.404981,0.000250709,0.000185204,-0.000950092,0.000103657,0.000854362,2.63089e-05
0.109927596736194,-0.0406065700086823,0.396920723712422,0.278110774919498,-0.41108183517465,-1.82677843794937,0,282.2936111,-2299.083564,0.000287902,0.000194927,-0.000999069,0.00013894,0.000871726,7.98798e-05
0.117288277096668,-0.133075104847104,0.395969651566042,0.296487445748447,-0.412093756829137,-1.84372830769987,342.6609811,282.2935882,-2273.404981,0.000363068,0.000215923,-0.000958542,0.000103425,0.000870092,0.000146664
0.125498895121205,-0.223290818254403,0.400030893981758,0.313283429120665,-0.418239887713343,-1.85860578396852,677.66802,282.2935633,-2196.94207,0.000371002,0.000186665,-0.00091115,0.00018692,0.000796003,0.000124828
0.134481183369548,-0.309523568938454,0.409814952855972,0.32735224530312,-0.430125938584586,-1.87015974493434,997.5361473,282.2935801,-2071.402647,0.000451745,0.00020195,-0.000870731,0.000187718,0.000802421,0.000276242
0.144066063751088,-0.389540192134115,0.426462303640024,0.337305084671852,-0.448720048116802,-1.87685631322018,1295.120856,282.2935603,-1899.592212,0.000463329,0.00021755,-0.000800458,0.000162017,0.000756685,0.000353466
0.15396338444066,-0.46031455308114,0.45173003805787,0.341581968101705,-0.475528691843332,-1.87693334158139,1563.774728,282.2936151,-1685.346721,0.00042477,0.000216806,-0.000718397,0.000157488,0.000655468,0.000333615
0.163739805282829,-0.517589520240819,0.488268115169152,0.338639083452383,-0.51288164590361,-1.86856168307397,1797.497056,282.2935005,-1433.456276,0.000423245,0.000236254,-0.000619995,0.000148655,0.000541713,0.000469779
0.172818772048282,-0.555230640203373,0.540016877210569,0.327300680073969,-0.564373868979594,-1.85015621919928,1991.065104,282.2935936,-1149.54171,0.000422484,0.000271846,-0.000499488,0.000155585,0.000403852,0.00055469
0.175700582757608,-0.698336281834932,0.425493804904662,0.406179491365262,-0.458286037351225,-1.9389283598914,2171.239813,307.835641,-1253.564701,0.000481628,0.000271171,-0.000466455,0.000111897,0.000442578,0.000556995
0.16434840838233,-0.636971346758044,0.382119469811925,0.418484781318408,-0.414361873802226,-1.95742395431399,1960.154481,307.8355954,-1563.17144,0.000464066,0.000231314,-0.000595287,0.000138866,0.000538592,0.000421975
0.152440735098223,-0.557999775056731,0.353218847391352,0.417960040050282,-0.383439313797689,-1.96149932778799,1705.282212,307.8356422,-1837.857246,0.00050334,0.000226171,-0.000720622,0.000141323,0.000682104,0.000375746
0.140708132579978,-0.467732137824933,0.334360591178025,0.40746826604688,-0.36173395782612,-1.95448119829543,1412.317967,307.8355996,-2071.489357,0.000476741,0.000220304,-0.000851357,0.000192869,0.00078358,0.000247441
0.129643729435673,-0.370155586506289,0.322872066969192,0.389867162988849,-0.347080806631828,-1.93952175612911,1087.804458,307.8355265,-2258.848753,0.000503798,0.000209503,-0.000925159,0.000167573,0.000875455,0.000220125
0.119531365053446,-0.267937261530664,0.317124047607229,0.367640998674089,-0.338190415326764,-1.91930153031413,738.9886314,307.8356247,-2395.74705,0.000493679,0.000213408,-0.001035364,0.00012269,0.000959167,0.00024763
0.110497717193191,-0.162984415403019,0.316132317666858,0.342785638260067,-0.33427470858699,-1.89595159928309,373.6684593,307.8356199,-2479.128961,0.000431407,0.000211796,-0.00102909,9.45682e-05,0.000953085,0.000159514
0.102564272166997,-0.0567571720401759,0.319343329744248,0.316805066520745,-0.334872065325843,-1.87107005980296,0,307.8355851,-2507.132104,0.000383343,0.000192741,-0.001058405,0.000110807,0.001000613,0.000103707
0.0956904673362223,0.0495326072028045,0.326507771933333,0.290777116422615,-0.339758841670968,-1.84579961209626,-373.6684593,307.8356199,-2479.128961,0.000373001,0.000235228,-0.001041456,9.95294e-05,0.000941353,0.000117692
0.0898039222561787,0.154800025715242,0.337607969110243,0.265438028058026,-0.34890538255851,-1.82091945317156,-738.9886314,307.8356247,-2395.74705,0.000237545,0.000237229,-0.000980666,6.41094e-05,0.000879167,-1.25519e-06
0.084820182434037,0.258007972413128,0.352817495316288,0.241266570024476,-0.362454795562355,-1.7969339186055,-1087.804458,307.8355265,-2258.848753,0.000170903,0.000221986,-0.000934394,7.77654e-05,0.000838226,-3.57605e-06
0.0806549491301509,0.358109842022746,0.372474336004577,0.218561366935251,-0.380707980507001,-1.77415268565794,-1412.317967,307.8355996,-2071.489357,8.39227e-05,0.000196629,-0.000811993,8.92275e-05,0.000770125,-4.32829e-05
0.0772304339447838,0.454027862105624,0.397049935149336,0.197506100382423,-0.404099358744451,-1.75275819185024,-1705.282212,307.8356422,-1837.857246,7.37046e-08,0.000194498,-0.000693539,9.50993e-05,0.000680296,-0.000115503
0.074478873771595,0.544652042003804,0.427116323714774,0.178215156627174,-0.433167225420734,-1.73285249670668,-1960.154481,307.8355954,-1563.17144,-0.000103511,0.000206395,-0.000522702,6.60717e-05,0.000591011,-0.00016098
0.0723439621421604,0.628874407089145,0.463290234212436,0.160765248073758,-0.468499144581338,-1.71449009708596,-2171.239813,307.835641,-1253.564701,-0.00016894,0.000171209,-0.000335045,3.95523e-05,0.000448455,-0.000189528
0.162565686760109,0.688170539873659,0.5570119054356,0.236566323823296,-0.747895676682709,-0.203407580611395,-2314.939811,0,-80.84059666,-0.000377219,0.000421696,9.79463e-05,-9.47027e-05,0.000230203,0.000317968
0.0579123703211398,0.619787821053935,0.59096048239066,0.0835313307135863,-0.754220370282824,-0.13704642224489,-2138.725445,885.8879668,-80.84060672,-0.00043423,0.001313524,4.39288e-05,2.55502e-05,0.00031389,0.000859393
-0.0373714482148043,0.494917651893109,0.640107135319206,-0.0536036953873494,-0.764322746320274,-0.0800980792826482,-1636.908549,1636.908549,-80.84062774,-0.000254794,0.002008181,-3.8543e-05,0.000167441,0.000265497,0.001288414
-0.114806121112255,0.324713574334947,0.685443099714401,-0.166742374764595,-0.759649352533236,-0.032120857655489,-885.8879668,2138.725445,-80.84060672,-8.32977e-05,0.002223194,-0.00013354,0.000281109,0.00026644,0.001434632
-0.161050673774202,0.116449879689246,0.706146822223825,-0.245313637225072,-0.721188159601968,0.0113199775884349,0,2314.939811,-80.84059666,0.000117942,0.002073145,-0.000147616,0.000348898,0.000140908,0.001456208
-0.154685028588822,-0.123112302056898,0.681655742917022,-0.263717859472528,-0.630721810351645,0.0430389420818849,885.8879668,2138.725445,-80.84060672,0.000172147,0.001611529,-0.000145371,0.000358893,3.49357e-05,0.001222291
-0.0658359107783622,-0.368885422270485,0.605365650572577,-0.140300253043325,-0.485753707978529,-0.00728014301480546,1636.908549,1636.908549,-80.84062774,0.000204484,0.001153928,-0.000143189,0.000434812,-4.12404e-05,0.00096766
0.122685296905595,-0.539614058011735,0.524094037557228,0.331243655837976,-0.380528734320157,-0.356080159714759,2138.725445,885.8879668,-80.84060672,0.000270498,0.000530138,-5.3599e-05,0.000325323,-0.000222643,0.000551331
0.35750485452987,-0.526285429158267,0.525913464762615,0.833547226617194,-0.484203023429771,-0.707788809309078,2314.939811,0,-80.84059666,0.000407778,-0.000182294,-3.59697e-05,9.18711e-05,-0.000267007,-0.000101679
0.532897938024012,-0.34196412591832,0.601388985765216,0.963262506226978,-0.656976080784541,-0.689048954835943,2138.725445,-885.8879668,-80.84060672,0.000673398,-0.000742416,1.81937e-05,-3.40294e-05,-0.000304302,-0.000666533
0.608713302731776,-0.0984019337360211,0.664489456179001,0.950768773074494,-0.771550124209521,-0.578407715396089,1636.908549,-1636.908549,-80.84062774,0.00084494,-0.001273565,0.000141383,-0.000152025,-0.000248748,-0.001051169
0.606565664440689,0.135060272288173,0.680165377645344,0.886837457868919,-0.823948517869817,-0.487190681359461,885.8879668,-2138.725445,-80.84060672,0.001017362,-0.001701245,0.000294297,-0.000218187,-0.000274752,-0.001354744
0.555032247929167,0.338132938667436,0.657807912210957,0.792436110929132,-0.83315807613893,-0.424061838873355,0,-2314.939811,-80.84059666,0.00093708,-0.001892964,0.000400539,-0.000232702,-0.000233047,-0.001322999
0.474064784017785,0.504298787372333,0.616505471261364,0.676136544248509,-0.815208356652782,-0.375935622886183,-885.8879668,-2138.725445,-80.84060672,0.000615316,-0.001845192,0.000387249,-0.000269423,-5.39847e-05,-0.001166661
0.376417024661923,0.625564796126321,0.575221250501964,0.542325324379348,-0.784950549276165,-0.328168574016988,-1636.908549,-1636.908549,-80.84062774,0.000245531,-0.001321166,0.000408227,-0.000187953,1.49275e-05,-0.000822296
0.270529976408835,0.690162919957674,0.551487290312287,0.393651376971844,-0.758312544645274,-0.270561176438143,-2138.725445,-885.8879668,-80.84060672,-0.000130576,-0.000566712,0.000282659,-0.000151932,0.000134162,-0.000351613
0.164199152537089,0.620784284676303,0.467803053519501,0.265036829746469,-0.661819105041443,-0.239697225637086,-2237.422218,0,-599.5144486,-0.000339625,0.000409659,-3.3684e-05,-0.000108615,0.000373812,0.000228511
0.0710692065734135,0.553960708445426,0.498144587656463,0.11412834506435,-0.662960110898342,-0.235117599489577,-2067.107749,856.2256729,-599.5144901,-0.000374357,0.001321366,-0.000239417,-1.36796e-05,0.000467097,0.000840112
-0.0129653575937541,0.428614620635238,0.542992084834039,-0.020812332760526,-0.666519831731766,-0.228869410128295,-1582.09678,1582.09678,-599.5143783,-0.000255661,0.001917695,-0.000327093,5.65249e-05,0.000459182,0.001175854
-0.0801854644625437,0.256583157693898,0.580962083819798,-0.132065563210852,-0.652184367287784,-0.211953306215638,-856.2256729,2067.107749,-599.5144901,-6.42587e-05,0.002175969,-0.000417366,0.000175963,0.000447297,0.001368753
-0.118108531317824,0.0471497565432925,0.589354850339192,-0.210328576073364,-0.599694594121974,-0.174622733035956,0,2237.422218,-599.5144486,0.000115695,0.002028254,-0.000406799,0.000180495,0.000371211,0.001423944
-0.107156817852494,-0.187587374172053,0.550271821728181,-0.227062530793032,-0.493869296665019,-0.128982195561413,856.2256729,2067.107749,-599.5144901,0.000141872,0.001595213,-0.00043413,0.00025208,0.000295267,0.001172303
-0.0223973701362592,-0.414704339340993,0.467500481844112,-0.0658106076755452,-0.344746317230747,-0.187633416306786,1582.09678,1582.09678,-599.5143783,0.000226332,0.001119142,-0.000308302,0.000277547,0.000127982,0.000942068
0.145983309051414,-0.561211772547017,0.391421035206953,0.569724672522287,-0.269429235472313,-0.663152002693749,2067.107749,856.2256729,-599.5144901,0.000271753,0.000485032,-0.000227794,0.00014152,-1.06404e-05,0.000481658
0.350094314982135,-0.552011498382327,0.390005791349742,1.05593976020844,-0.398553704724202,-0.956923986477594,2237.422218,0,-599.5144486,0.000432628,-0.000204665,-0.00017434,1.59934e-05,-8.6476e-05,-0.000177765
0.504437570718464,-0.397231062452048,0.45783517796473,1.10816669481742,-0.562238781874756,-0.816162013806317,2067.107749,-856.2256729,-599.5144901,0.000689171,-0.000823953,-0.000109571,-6.67159e-05,-0.000151428,-0.000739528
0.573076484673759,-0.175299645547307,0.529823497262458,1.0409224141262,-0.673353364381594,-0.601652446880996,1582.09678,-1582.09678,-599.5143783,0.000894827,-0.001345966,-5.53947e-05,-0.000180614,-0.000106049,-0.0011718
0.570974729692443,0.0512959124385232,0.565137815301155,0.940749188824507,-0.730692438357364,-0.430583006107229,856.2256729,-2067.107749,-599.5144901,0.000958805,-0.001726231,8.0414e-06,-0.00023276,-1.09399e-05,-0.001354424
0.522775945183901,0.255161712332789,0.560516989958521,0.825660197871965,-0.746817113470459,-0.322901525159906,0,-2237.422218,-599.5144486,0.001003306,-0.001920083,0.000156992,-0.00023097,-8.81048e-05,-0.001474333
0.447401533722863,0.424791276544946,0.529577132693899,0.700434298495524,-0.733814336192075,-0.268873037262413,-856.2256729,-2067.107749,-599.5144901,0.000671372,-0.001755573,0.000165436,-0.000278021,-1.1651e-06,-0.001222395
0.357471606705751,0.550350955130999,0.491343767363739,0.565495869771734,-0.705016206661029,-0.249351259401889,-1582.09678,-1582.09678,-599.5143783,0.000207899,-0.001291913,0.000125109,-0.000255569,0.000215901,-0.000757205
0.261200266881488,0.619320634635887,0.465846705932426,0.419355813014357,-0.676414531041522,-0.243878307420698,-2067.107749,-856.2256729,-599.5144901,-0.00012089,-0.000542905,4.34277e-05,-0.000216953,0.000280135,-0.000312032
0.21220996560879,0.809735621965083,0.636944148768712,0.34755903609712,-0.666672983326431,-1.84815598984602,-1942.579503,0,-169.9555102,-0.000122967,3.00156e-05,0.000116797,-4.26337e-07,5.55164e-05,-0.000137081
0.213797696167185,0.752585945534687,0.584559652292585,0.374843216420438,-0.618122634005067,-1.8810846456045,-1892.509717,0,-470.0074178,-0.000107981,3.49424e-05,-5.33453e-07,-8.05407e-06,0.000146748,-0.000114052
0.216911585035025,0.687104403580216,0.539276652531536,0.405386474141548,-0.577238607294773,-1.91601720463431,-1796.376745,0,-758.6373248,-0.000124187,4.88243e-05,-0.000104841,5.55385e-06,0.000212193,-0.000133844
0.22160393484307,0.614008514221669,0.501019223474314,0.438599882287352,-0.544000218251385,-1.95247329647478,-1656.527538,0,-1028.793719,-7.93541e-05,2.77782e-05,-0.000177472,5.43308e-05,0.000263014,-0.000152346
0.227951300619234,0.534273087654047,0.469499505000327,0.473786348500622,-0.518173329559485,-1.98984241542552,-1476.369708,0,-1273.904426,-5.68993e-05,5.24999e-05,-0.000262798,1.84912e-05,0.000299419,-0.0001175
0.236052264319257,0.449050751183608,0.444319986155128,0.510176446300477,-0.499411447460393,-2.02741510085358,-1260.282796,0,-1488.014541,4.51768e-06,1.61159e-05,-0.000365635,6.34711e-05,0.00036506,-9.70892e-05
0.246022166026757,0.359603366165837,0.42507013094113,0.546952055392572,-0.48734706233684,-2.06440148829798,-1013.526233,0,-1665.912535,4.97691e-05,1.56675e-05,-0.000450571,6.00391e-05,0.000420255,-0.000100021
0.257986741006376,0.267239920464017,0.411410110488466,0.583253726260408,-0.481664880808519,-2.09993209661329,-742.0866095,0,-1803.276868,0.000107045,3.0536e-05,-0.00048268,7.72951e-05,0.000466343,-6.6551e-05
0.27206607855716,0.173325360810084,0.403141303012135,0.618157635186952,-0.482150883795766,-2.13302750810983,-452.5977362,0,-1896.74861,0.000146567,1.66328e-05,-0.0005268,8.56521e-05,0.000491569,-6.08244e-05
0.288355770711308,0.0792752300012411,0.400231219906242,0.650688618548029,-0.488694364889594,-2.16260598342515,-152.0994262,0,-1944.059095,0.000167059,7.46573e-06,-0.000570085,0.000108766,0.00049477,-6.22566e-05
0.306894838493036,-0.0133771888699934,0.402899959057702,0.679754616849348,-0.501327539377337,-2.18740127396964,152.0994262,0,-1944.059095,0.000212948,-1.04827e-05,-0.000554544,9.80261e-05,0.000488476,-2.09083e-05
0.327617668867111,-0.102890660710078,0.411631567114204,0.704168702876062,-0.520192036189937,-2.20597658979647,452.5977362,0,-1896.74861,0.000292808,-1.0062e-05,-0.000527238,9.26516e-05,0.000511299,4.00085e-05
0.350296475771262,-0.187202267970732,0.427238606020025,0.722644702138072,-0.545547827879067,-2.2167025107146,742.0866095,0,-1803.276868,0.000291886,-3.14414e-05,-0.00050503,0.000128047,0.000455756,3.01133e-05
0.374468356174491,-0.263725200152829,0.450994536239793,0.733749690069246,-0.577838793561409,-2.21768001203278,1013.526233,0,-1665.912535,0.000285397,-3.42652e-05,-0.000499288,0.000102423,0.000483301,4.85557e-05
0.399366028605569,-0.329107266542984,0.484715174590806,0.735990076902113,-0.617756191482102,-2.20680622682042,1260.282796,0,-1488.014541,0.00027115,-3.75623e-05,-0.000452093,0.000113766,0.000423202,6.90619e-05
0.423882589719451,-0.378902592206518,0.530949147014466,0.727906137143614,-0.666468189882661,-2.18182810954612,1476.369708,0,-1273.904426,0.000251782,-3.23977e-05,-0.000395096,0.000112651,0.000384166,4.7729e-05
0.446584832904798,-0.407152678578594,0.593121395830571,0.7083665223672,-0.725936374781376,-2.14060702275629,1656.527538,0,-1028.793719,0.000237584,-3.18468e-05,-0.000301337,0.00011579,0.000274752,6.439e-05
0.465829148269217,-0.406122290293423,0.675494663462306,0.677177184423173,-0.799248043733203,-2.08173215747534,1796.376745,0,-758.6373248,0.000225984,-2.36125e-05,-0.000227941,0.000100639,0.000213328,0.000106146
0.47997315218865,-0.36677381001862,0.782409954641847,0.636046353146815,-0.890426794845354,-2.00566196457387,1892.509717,0,-470.0074178,0.000197529,4.18792e-06,-0.000191562,8.9741e-05,0.000140851,0.000161157
0.487660342305322,-0.281383112979881,0.915783264943964,0.589479342231276,-1.0025442541869,-1.91628299384478,1942.579503,0,-169.9555102,0.000181177,1.37503e-05,-0.000105429,7.36179e-05,4.13959e-05,0.000164556
0.287393412916919,0.829548411661763,0.625013286045325,0.467771305631342,-0.679805815384824,-1.94513625518531,-1876.391223,-504.6851122,-164.16125,-0.000174538,-0.000433097,0.000239826,-2.54203e-05,4.34418e-05,-0.000462569
0.289438226182322,0.77484771596245,0.57507597837074,0.500945327630048,-0.636390740467621,-1.98559577453735,-1828.025969,-504.6912798,-453.990936,-0.000153784,-0.000408908,5.18195e-05,6.9931e-07,0.000172988,-0.000441105
0.293442095262202,0.712047797529044,0.532211989244992,0.537081382110767,-0.6008541903534,-2.02735869879347,-1735.170378,-504.6892137,-732.7841126,-0.000111557,-0.000387696,-6.91637e-05,3.79301e-05,0.000275645,-0.000416011
0.299462914124108,0.641909769141064,0.496397445356441,0.575161368953459,-0.573198502561628,-2.06953152409639,-1600.093614,-504.6901234,-993.7244622,-7.04384e-05,-0.000426097,-0.000227811,5.53803e-05,0.000329023,-0.000401513
0.30758179886489,0.565463899005029,0.467375756426974,0.614116759367344,-0.553185059516697,-2.11114802744557,-1426.061091,-504.6872321,-1230.50419,-6.46297e-06,-0.000418735,-0.000341775,6.8459e-05,0.000414268,-0.000387167
0.317899947514304,0.483939981193012,0.444813939815249,0.65286877703547,-0.540482606627757,-2.15119272741297,-1217.332328,-504.6891186,-1437.320735,6.11371e-05,-0.000413935,-0.000445614,0.000112003,0.000480066,-0.000374847
0.330529956323849,0.398678205691998,0.428355483921745,0.690419100083414,-0.534720392328454,-2.18869059930264,-978.9899814,-504.6911616,-1609.150536,0.000117907,-0.000415696,-0.00055377,0.000124453,0.000552283,-0.000363603
0.345585596326147,0.311076460630584,0.417723606056101,0.72585512342151,-0.535574225375421,-2.22269951962032,-716.8209332,-504.6885142,-1741.825839,0.000190922,-0.000426722,-0.00060256,0.000151834,0.000608771,-0.000333368
0.363163032544988,0.222584443538081,0.412800248133453,0.758321133585056,-0.54281594690406,-2.25226864346152,-437.1919116,-504.6900639,-1832.116582,0.000262185,-0.000413134,-0.000649545,0.000169265,0.000611782,-0.000339202
0.383308032051217,0.134738057071679,0.413637311882434,0.787026381580233,-0.556294846686262,-2.27644302090731,-146.9183609,-504.6871338,-1877.819451,0.000300711,-0.000416254,-0.000664578,0.000169241,0.000641765,-0.00028489
0.405979098245602,0.0492024498830026,0.420529832995788,0.811182672702583,-0.57595790441188,-2.29418162763606,146.9183609,-504.6871338,-1877.819451,0.000364123,-0.00042908,-0.000697951,0.000190013,0.000686138,-0.000273206
0.430997643279494,-0.0321607289168526,0.434029754396166,0.830007978670428,-0.601818703629415,-2.30435083215604,437.1919116,-504.6900639,-1832.116582,0.000425992,-0.00043854,-0.000689394,0.000228508,0.0006815,-0.000233504
0.457981225022142,-0.107168093988458,0.454985552889593,0.842701730569448,-0.633943158617932,-2.30568697245556,716.8209332,-504.6885142,-1741.825839,0.000454605,-0.000422813,-0.000658597,0.000241316,0.000664314,-0.000197667
0.48628097334182,-0.173176609731515,0.484616611310089,0.848413649890229,-0.672480730473392,-2.29674595787554,978.9899814,-504.6911616,-1609.150536,0.00047669,-0.000387834,-0.000616068,0.000242319,0.000633177,-0.000162653
0.514939334288373,-0.226943823969286,0.524527125652213,0.84631441376809,-0.717704788371206,-2.27597393400023,1217.332328,-504.6891186,-1437.320735,0.000420143,-0.000399563,-0.000542988,0.000233741,0.00054988,-0.000184737
0.542672996235274,-0.264419112345627,0.576767201543258,0.835645502633712,-0.770155297912032,-2.24175860231856,1426.061091,-504.6872321,-1230.50419,0.000420734,-0.000352232,-0.000451296,0.000216807,0.000483445,-0.000160172
0.567925956790067,-0.280638027907947,0.643743390062061,0.815958226893926,-0.83079060263298,-2.19272044760843,1600.093614,-504.6901234,-993.7244622,0.000392155,-0.000333636,-0.000377162,0.00019835,0.000399908,-0.000154872
0.589011513532063,-0.269917159194402,0.727853543391935,0.78754032344908,-0.901041231810317,-2.12828702805513,1735.170378,-504.6892137,-732.7841126,0.000383951,-0.000298061,-0.000276394,0.000166196,0.000279019,-0.000103569
0.6043212525295,-0.226682125112452,0.830642595745351,0.751911740727138,-0.982485277421643,-2.04951319622395,1828.025969,-504.6912798,-453.990936,0.000324752,-0.000271161,-0.000227474,0.000138598,0.000166361,-6.19184e-05
0.612578925503336,-0.147628896471662,0.950936658738704,0.712216178692229,-1.0755017221806,-1.96020269301609,1876.391223,-504.6851122,-164.16125,0.000330319,-0.000236169,-8.78668e-05,0.000109238,2.44487e-05,-3.36039e-05
0.408815086190629,0.963603273560382,0.527302413489316,0.710805086100644,-0.655154586236654,-2.16980145407768,-1942.579503,0,-169.9555102,-0.000277571,0.000439582,0.000200822,-3.12636e-05,0.000137757,5.27363e-05
0.411618483428,0.909971239645941,0.479694222394243,0.757622068133108,-0.621445741424463,-2.22639797527972,-1892.509717,0,-470.0074178,-0.000287665,0.000454926,-1.43206e-05,-1.57443e-05,0.000285383,4.95628e-05
0.417101956428454,0.84687005888315,0.440701226243629,0.804399808357203,-0.597203973151062,-2.28046292607235,-1796.376745,0,-758.6373248,-0.000239034,0.000448453,-0.000155807,-2.7481e-05,0.000355572,3.31168e-05
0.425328287303181,0.775448565105137,0.410086191333432,0.849058023181138,-0.581977846071304,-2.33010287554456,-1656.527538,0,-1028.793719,-0.000206814,0.000435307,-0.000293452,-3.66797e-05,0.00044665,1.9939e-05
0.436385126312682,0.697249517669593,0.387307186996786,0.890071470418791,-0.575065955642977,-2.3739580429121,-1476.369708,0,-1273.904426,-0.000112791,0.000392673,-0.000394327,-4.21949e-05,0.000527927,4.30874e-05
0.450376830358125,0.614016787082323,0.371723407919374,0.926525654090785,-0.57572781591126,-2.41122889982596,-1260.282796,0,-1488.014541,-1.19677e-05,0.000353279,-0.000523645,-3.47037e-05,0.000592158,3.9921e-05
0.467409759804127,0.527553080469014,0.362759842463689,0.958001991009951,-0.583317657321842,-2.44153738353554,-1013.526233,0,-1665.912535,6.20606e-05,0.000351238,-0.000647717,-5.01978e-05,0.000694003,0.000103586
0.487574906169509,0.439633224018683,0.360016721219233,0.984398925179502,-0.59734285475923,-2.46472842851812,-742.0866095,0,-1803.276868,0.000186953,0.000283112,-0.000705376,-2.0428e-06,0.000682318,0.000134857
0.510914459647347,0.352019686989244,0.363328186245321,1.00576127333851,-0.61745692685658,-2.48068538394782,-452.5977362,0,-1896.74861,0.00023091,0.000209607,-0.000798483,1.19827e-05,0.000800123,4.12267e-05
0.537386586266267,0.266476693567174,0.372762358964388,1.02219936752283,-0.643410972558331,-2.48924280133818,-152.0994262,0,-1944.059095,0.000256892,0.00016794,-0.000836906,1.57703e-05,0.000821393,-3.47152e-06
0.56681508858056,0.184846597777447,0.38866664995657,1.03377520270015,-0.675019979633389,-2.49005190107282,152.0994262,0,-1944.059095,0.000374453,0.000105695,-0.000825814,1.17917e-05,0.000840323,3.74867e-05
0.598826623384467,0.109130634614585,0.411625700189924,1.04051182629233,-0.712081684667268,-2.48259489632254,452.5977362,0,-1896.74861,0.000416469,4.8122e-05,-0.000807302,3.00158e-05,0.000776366,1.63379e-05
0.632794122675678,0.0415590828545462,0.442452624703565,1.04237728166982,-0.754334505740192,-2.46617153481151,742.0866095,0,-1803.276868,0.000454759,-2.10741e-05,-0.000771542,4.23275e-05,0.000783662,-3.80359e-06
0.667784078603274,-0.015308365370956,0.482202907522912,1.03924365417534,-0.801452173270723,-2.43986736873142,1013.526233,0,-1665.912535,0.000480387,-5.75701e-05,-0.000686578,4.46386e-05,0.000792838,-2.46226e-05
0.702537435603074,-0.0585319333553053,0.532078680473126,1.03094625646053,-0.853041208713117,-2.40267898037005,1260.282796,0,-1488.014541,0.000478232,-6.61623e-05,-0.000633243,6.24995e-05,0.000691918,-4.90094e-05
0.73551230436402,-0.0847898064793892,0.593350466106105,1.01731250111871,-0.908732229886351,-2.35362872005623,1476.369708,0,-1273.904426,0.000493377,-0.000117089,-0.000507885,5.91206e-05,0.00061533,-1.5615e-05
0.764974849150841,-0.0904868854400737,0.667119750264896,0.998276591506015,-0.96825667163378,-2.29205841714772,1656.527538,0,-1028.793719,0.000400922,-0.000127082,-0.000427918,5.95433e-05,0.00052052,-0.000109333
0.789166461373928,-0.0721459350955538,0.753899710364133,0.97406593006134,-1.03147659936289,-2.21809418913626,1796.376745,0,-758.6373248,0.000467651,-0.000111778,-0.000324257,6.00952e-05,0.000397913,-7.73229e-06
0.806501026649774,-0.0272096091937109,0.852917563131188,0.945414137137829,-1.09819015911343,-2.13328728640635,1892.509717,0,-470.0074178,0.000412292,-0.000104423,-0.000192822,3.7312e-05,0.000292329,-5.29994e-05
0.815767367286239,0.0446930385581945,0.961214845980498,0.913650050053815,-1.16760415406732,-2.0412488440496,1942.579503,0,-169.9555102,0.000387578,-9.04837e-05,-9.08855e-05,8.8903e-06,0.000132241,5.34532e-05
0.480466748754407,1.02596693089022,0.481846655453851,0.844021420442639,-0.666789675516621,-2.29458961929266,-1876.391223,-504.6851122,-164.16125,-0.000116915,4.95561e-06,0.000181225,3.90029e-05,-2.3052e-05,-0.00015787
0.483546273660071,0.975089016761585,0.437425291059658,0.891996128586236,-0.64017413309867,-2.35328081834044,-1828.025969,-504.6912798,-453.990936,-0.000110562,-2.72449e-06,0.00011638,4.24347e-05,5.74482e-08,-0.00013846
0.489558198673175,0.914324425903631,0.402184606018642,0.937200619772338,-0.623018201224568,-2.40624752593724,-1735.170378,-504.6892137,-732.7841126,-5.67825e-05,-9.68742e-06,2.32676e-05,3.61879e-05,8.39908e-05,-9.03326e-05
0.498553653737755,0.845041337974028,0.375785526490374,0.977657872814349,-0.614626836379096,-2.45172342350148,-1600.093614,-504.6901234,-993.7244622,-4.7167e-05,-1.90541e-05,-5.98471e-05,6.23112e-05,0.000116528,-0.000126485
0.510597701935798,0.769065447480976,0.357513536495701,1.01238155432994,-0.614108887234286,-2.48893209782474,-1426.061091,-504.6872321,-1230.50419,4.09627e-06,-2.26556e-05,-0.000138089,5.33019e-05,0.000165285,-7.57263e-05
0.52576072122593,0.6884130776333,0.346601591928174,1.0411388988325,-0.620639831279032,-2.51778641159881,-1217.332328,-504.6891186,-1437.320735,5.58097e-05,-3.90709e-05,-0.000197931,7.52246e-05,0.000201767,-8.00452e-05
0.544100856554049,0.605094377013999,0.342379132053189,1.06419292237883,-0.63354613181782,-2.53860740068628,-978.9899814,-504.6911616,-1609.150536,8.745e-05,-4.56996e-05,-0.000287351,5.32508e-05,0.000249566,-8.9309e-05
0.565644388564433,0.521026970288165,0.34439839352381,1.08200620389229,-0.652335236864452,-2.55180089777148,-716.8209332,-504.6885142,-1741.825839,8.84146e-05,-8.65635e-05,-0.000336718,3.76324e-05,0.000261935,-0.000186496
0.59035540937665,0.438045699932738,0.352484776219663,1.09505034896461,-0.676662499218598,-2.55765205474759,-437.1919116,-504.6900639,-1832.116582,0.000179805,-0.000118886,-0.000396674,7.62125e-05,0.000358292,-0.000121236
0.618090448388331,0.357964166894998,0.36669583342003,1.10375904294243,-0.706245528272474,-2.55628679013884,-146.9183609,-504.6871338,-1877.819451,0.000236752,-0.000158517,-0.000380535,9.65977e-05,0.000357698,-0.0001409
0.648556693805263,0.282627438139708,0.387336457739138,1.10845967922469,-0.740818138625872,-2.54759293687019,146.9183609,-504.6871338,-1877.819451,0.00025084,-0.000155023,-0.000401297,7.98433e-05,0.000349599,-0.000188174
0.681266297303582,0.213967179156727,0.414905845108051,1.10939622883543,-0.780062262348573,-2.53125866394549,437.1919116,-504.6900639,-1832.116582,0.000303305,-0.000193741,-0.000401525,7.67136e-05,0.000375594,-0.000146118
0.715487304970513,0.154071390092256,0.450050610867635,1.10673138421167,-0.823555728380063,-2.50680318027971,716.8209332,-504.6885142,-1741.825839,0.000325856,-0.000195098,-0.00039005,8.41773e-05,0.000340418,-0.000146823
0.750221276423779,0.105218340010951,0.493529785445078,1.10053352909881,-0.870766137296524,-2.47360412764154,978.9899814,-504.6911616,-1609.150536,0.000366462,-0.000208286,-0.00035692,0.000113459,0.000337717,-0.000119792
0.784220145564833,0.0698526339114762,0.546093660229473,1.09082212287084,-0.921060036855776,-2.43103826291771,1217.332328,-504.6891186,-1437.320735,0.000343887,-0.00021189,-0.000320481,5.42333e-05,0.000294866,-0.000126032
0.816030658756016,0.0505438981825663,0.608368280285656,1.07756581766905,-0.97375842224576,-2.37860544455778,1426.061091,-504.6872321,-1230.50419,0.000335159,-0.000231586,-0.000256274,9.66705e-05,0.000262446,-0.000140372
0.844093561707408,0.0497970513578324,0.680610428750621,1.06075192477524,-1.0281882700723,-2.31620254105625,1600.093614,-504.6901234,-993.7244622,0.000327937,-0.000239738,-0.000220089,8.58016e-05,0.000181101,-0.000158608
0.866888662866679,0.0696696518822745,0.762355685029586,1.04048467734675,-1.0836983875195,-2.24449098507573,1735.170378,-504.6892137,-732.7841126,0.000323372,-0.000217186,-0.000142465,7.36652e-05,0.000147865,-0.000136545
0.883087472759615,0.111241459705504,0.852055694588345,1.01704127398589,-1.13960291831079,-2.16522763725858,1828.025969,-504.6912798,-453.990936,0.000270458,-0.000226039,-0.000113524,4.7198e-05,9.3457e-05,-0.000180747
0.891704489478748,0.173880087044199,0.946622263470837,0.990937157893737,-1.19493814608749,-2.08162085433828,1876.391223,-504.6851122,-164.16125,0.000269313,-0.000184272,-1.58672e-05,4.23201e-05,-1.39148e-05,-0.000164619
0.586348831545772,1.33833845759078,0.232005080007068,1.23757072759277,-0.625536491947309,-2.73804409038854,-1876.391223,-504.6851122,-164.16125,-0.000313266,0.00020676,0.000177441,4.02586e-05,8.82755e-06,-9.14179e-05
0.589789434879478,1.28446148364551,0.197066868030339,1.2861821154414,-0.618114144374519,-2.7969427026193,-1828.025969,-504.6912798,-453.990936,-0.00027359,0.000240894,-2.71007e-05,5.88812e-05,0.000110268,-4.45419e-05
0.596491854032573,1.20725172897257,0.183201662482021,1.30866532940493,-0.620708302116384,-2.8229996044136,-1735.170378,-504.6892137,-732.7841126,-0.000226712,0.000232369,-0.000198679,4.5965e-05,0.000235529,-6.79059e-05
0.606484811015893,1.11738227429792,0.182186799249613,1.3153230115805,-0.629948010424726,-2.82897181393597,-1600.093614,-504.6901234,-993.7244622,-0.000137727,0.000218127,-0.000324387,4.87443e-05,0.000285429,-2.94203e-05
0.619797319484791,1.0222595171539,0.188611517494627,1.31385935595503,-0.644233415509635,-2.82409812860744,-1426.061091,-504.6872321,-1230.50419,-6.26834e-05,0.000175513,-0.000475933,5.79244e-05,0.000357898,-5.85308e-05
0.636447787426887,0.925935131537684,0.20004397841176,1.30812847851885,-0.662959374718463,-2.8128298675682,-1217.332328,-504.6891186,-1437.320735,3.31262e-05,0.000149892,-0.00061139,4.09259e-05,0.000456031,-6.12479e-05
0.65642366173607,0.8308191745455,0.215541906837662,1.29999464747649,-0.685899965826049,-2.7971407137136,-978.9899814,-504.6911616,-1609.150536,0.000138519,9.18326e-05,-0.000698742,1.50366e-05,0.000493907,-9.89419e-05
0.679660088071731,0.738613210774752,0.234892686762854,1.2903778695099,-0.712961929258207,-2.77779329564161,-716.8209332,-504.6885142,-1741.825839,0.00024601,2.92768e-05,-0.000784418,2.12238e-05,0.000594158,-5.99718e-05
0.706009426239916,0.650749792687377,0.258275378322083,1.27973831132288,-0.744070841034039,-2.7549167450276,-437.1919116,-504.6900639,-1832.116582,0.000332049,-4.81638e-05,-0.000848451,2.70679e-06,0.000634309,-0.000147253
0.73519897378099,0.568612469135903,0.286057150269815,1.26834418132678,-0.779083753800885,-2.72833484470365,-146.9183609,-504.6871338,-1877.819451,0.000457065,-0.000122604,-0.000907243,8.77694e-06,0.000699536,-0.000173598
0.766798692213769,0.493616162836957,0.318747864593238,1.25633164592104,-0.817754516094887,-2.69763941451758,146.9183609,-504.6871338,-1877.819451,0.000539521,-0.000209584,-0.000925488,8.53925e-06,0.000714733,-0.000216639
0.80019158356213,0.427248875188278,0.356914938304151,1.24377687598663,-0.859691964025958,-2.66230355178554,437.1919116,-504.6900639,-1832.116582,0.00060803,-0.000285702,-0.000894789,3.82417e-05,0.000699177,-0.000266789
0.834547125222063,0.371099066994021,0.401113818946341,1.23070999049589,-0.904329057573416,-2.62175249165955,716.8209332,-504.6885142,-1741.825839,0.000671367,-0.000346431,-0.000823942,3.20975e-05,0.000707202,-0.00029522
0.868825390509501,0.326833961229627,0.451837381042855,1.21709135389418,-0.950933928694688,-2.57540950405095,978.9899814,-504.6911616,-1609.150536,0.000696954,-0.000389044,-0.000749632,8.32669e-05,0.000681896,-0.000335922
0.9018168714888,0.296123247195302,0.509391568245196,1.20282570523828,-0.998638097190658,-2.52283443961166,1217.332328,-504.6891186,-1437.320735,0.000769402,-0.000436418,-0.000654687,5.21212e-05,0.000599411,-0.000364502
0.93219801849113,0.280553522556224,0.573793009352346,1.18772967290657,-1.04649451058275,-2.46383102908596,1426.061091,-504.6872321,-1230.50419,0.0007466,-0.000475139,-0.000554327,0.000109121,0.000504873,-0.000376074
0.958622201788161,0.281446355508926,0.64459332648694,1.17154648388497,-1.09354245116246,-2.39864540055032,1600.093614,-504.6901234,-993.7244622,0.000757628,-0.000495953,-0.000424154,7.36975e-05,0.000412463,-0.000429042
0.979833895569594,0.299589978282443,0.720687736704441,1.15397843614124,-1.1388670353128,-2.32818002187302,1735.170378,-504.6892137,-732.7841126,0.000713874,-0.000499426,-0.000300691,7.16386e-05,0.000289929,-0.000407732
0.994773858814261,0.334973688517804,0.800210636972508,1.13470288060494,-1.1816392593898,-2.25410725009005,1828.025969,-504.6912798,-453.990936,0.000683341,-0.000502453,-0.000142857,6.1319e-05,0.000150424,-0.000424137
0.237723447272238,0.765226666651582,0.317117179911155,0.660586747429765,-0.393905480853905,-0.622399175699452,-1970.489694,0,-527.98709,-0.000447012,0.000577552,-0.000267738,-0.000125527,0.000533019,0.000305617
0.162387500651345,0.687335654644651,0.36316584165242,0.432118359334772,-0.396342681659736,-0.510101026958307,-1874.046357,608.9167626,-527.9873361,-0.000492488,0.001167703,-0.000309716,-5.30417e-05,0.000545893,0.000639177
0.0934506845269022,0.567256708892126,0.428171349416732,0.222006382984905,-0.437633544444137,-0.406925192189356,-1594.152149,1158.236491,-527.9840506,-0.000361232,0.001659264,-0.000351698,1.65999e-06,0.000443342,0.00105722
0.0343853520406361,0.417445198464205,0.495294198825245,0.0722485215347288,-0.496387334664085,-0.345948099466457,-1158.236491,1594.152149,-527.9840506,-0.000264023,0.00198597,-0.000429008,0.000100887,0.000477329,0.001222461
-0.00933395710024139,0.244666056368065,0.549567795352368,-0.0178688498646961,-0.549638910014471,-0.316724176967634,-608.9167626,1874.046357,-527.9873361,-0.000103124,0.002006074,-0.000383352,0.000141486,0.000391721,0.00129347
-0.0291602470408578,0.051921399661222,0.577041363272682,-0.0534157119251898,-0.577694129502897,-0.304305530323031,0,1970.489694,-527.98709,1.39699e-05,0.001867448,-0.000418671,0.000171417,0.000331588,0.001301067
-0.0122464673308055,-0.156772310043344,0.56561530457231,-0.0228478069959952,-0.565733420602104,-0.312672639280691,608.9167626,1874.046357,-527.9873361,9.52221e-05,0.001498786,-0.000339625,0.000198252,0.000254407,0.001200942
0.0580970845547176,-0.366151071305521,0.51289973641584,0.117977863822528,-0.51588763363017,-0.385133709978787,1158.236491,1594.152149,-527.9840506,0.000156788,0.001144549,-0.000288654,0.000183898,0.000143704,0.001025005
0.193695229113098,-0.534433862846885,0.4433161216386,0.428910734766927,-0.481196945993288,-0.590380101596776,1594.152149,1158.236491,-527.9840506,0.000198313,0.000721187,-0.000224289,0.000179254,-5.90672e-06,0.000719273
0.377617524778765,-0.598781621815033,0.40945565780536,0.783564597803389,-0.549650228649203,-0.812115026716333,1874.046357,608.9167626,-527.9873361,0.00026178,0.000185435,-0.000231429,0.000113959,2.44678e-05,0.000187889
0.553632349879404,-0.529844354819685,0.440536433302854,0.966894467983471,-0.692886122282976,-0.839840426449088,1970.489694,0,-527.98709,0.000413995,-0.000279802,-0.000177557,7.71005e-06,1.49434e-05,-0.000272641
0.671298235871245,-0.365863522551668,0.50505245963872,1.02370982240686,-0.815842956623478,-0.736302110705509,1874.046357,-608.9167626,-527.9873361,0.000674188,-0.00069695,-0.000133241,-0.000121011,-4.09656e-05,-0.00064536
0.721993849835914,-0.166061261158469,0.556203575216628,1.03070686518046,-0.879722576747406,-0.610708876419257,1594.152149,-1158.236491,-527.9840506,0.000873781,-0.001080691,-3.93651e-05,-0.000146302,-3.63799e-05,-0.00097275
0.720873976949197,0.0335021072461666,0.572785707758922,1.01807804912893,-0.887530846812007,-0.514602075764897,1158.236491,-1594.152149,-527.9840506,0.001001556,-0.001362021,-5.34602e-06,-0.000154866,-3.90846e-05,-0.001168895
0.685118939014296,0.219307122737216,0.554897620037452,0.998128927401052,-0.852428255712068,-0.463735253901786,608.9167626,-1874.046357,-527.9873361,0.00108526,-0.001596047,6.86043e-05,-0.00020218,-4.38855e-05,-0.001226424
0.627599240216106,0.387460663571758,0.510700715980639,0.977886275501444,-0.786740624930456,-0.459791681933306,0,-1970.489694,-527.98709,0.000969963,-0.001716254,5.73595e-05,-0.000270409,8.19357e-06,-0.00121044
0.557021903903286,0.535656567391537,0.450516938758224,0.960647164551317,-0.701091605374321,-0.497826483597928,-608.9167626,-1874.046357,-527.9873361,0.000691915,-0.001550408,0.000147629,-0.000243049,7.89021e-05,-0.001025282
0.47923357799383,0.659056058943714,0.386177938375861,0.943596998931755,-0.605881959806021,-0.565737655294468,-1158.236491,-1594.152149,-527.9840506,0.000339495,-0.001257379,2.52714e-05,-0.000259804,0.000209849,-0.000743674
0.398270674976849,0.747653118677249,0.332254779527929,0.911353793660794,-0.512904706939017,-0.638452818529985,-1594.152149,-1158.236491,-527.9840506,3.93696e-05,-0.000830205,2.11142e-05,-0.000227648,0.000285092,-0.000440888
0.317032811218712,0.78668245746981,0.30547521193954,0.82886816312808,-0.436644208397369,-0.671800902564059,-1874.046357,-608.9167626,-527.9873361,-0.00024879,-7.44057e-05,-0.000110725,-0.000159435,0.000356178,-3.84359e-05
0.242038240300642,0.732433787385999,0.39467924535064,0.570769988957616,-0.459639800065672,-0.522148358469738,-1920.377277,0,-338.6017059,-0.000426004,0.000528884,-0.000172348,-3.65791e-05,0.000418917,0.000271498
0.167788883381976,0.662502669526172,0.434823614613909,0.382308487050054,-0.464138320239242,-0.426143703209851,-1826.385035,593.436548,-338.6011942,-0.000524748,0.00102383,3.61697e-05,-1.38069e-06,0.000324025,0.000570004
0.10006239356061,0.553758311338718,0.491956874651894,0.209431938826491,-0.501210983322829,-0.338228403814197,-1553.617723,1128.769256,-338.6029196,-0.000394532,0.001628421,-0.000182756,9.20603e-05,0.000371772,0.00098792
0.0425801302597332,0.416166693648972,0.552414373257163,0.0810159328566273,-0.553883016160971,-0.280827788830871,-1128.769256,1553.617723,-338.6029196,-0.000270447,0.001882592,-0.00021847,0.000135942,0.000334401,0.001177385
0.000807377705533051,0.256089035085905,0.603166624028724,0.00142331041994777,-0.603167097187484,-0.250230642149242,-593.436548,1826.385035,-338.6011942,-0.000112708,0.001876298,-0.000285952,0.00016868,0.00027944,0.001304673
-0.0170198393195321,0.0771912463288881,0.631790023412365,-0.0288131638670359,-0.631987895054855,-0.23854910424736,0,1920.377277,-338.6017059,-9.32944e-06,0.001799525,-0.000316015,0.00024958,0.000252971,0.001317324
0.0010417518272244,-0.115692053207627,0.627495299750497,0.00177434391963875,-0.627496047973148,-0.250494816406555,593.436548,1826.385035,-338.6011942,7.60111e-05,0.001464408,-0.000274762,0.000267062,0.000129695,0.001165777
0.0695628198598809,-0.30786314402045,0.58770654533658,0.125009356044534,-0.5913268214156,-0.315833926404093,1128.769256,1553.617723,-338.6029196,0.000122205,0.001127911,-0.000209656,0.000247765,5.77415e-05,0.000998657
0.197506962749606,-0.461556392543045,0.532343963887178,0.375561096172656,-0.564476366232444,-0.475487990939708,1553.617723,1128.769256,-338.6029196,0.000157517,0.000692673,-0.000160844,0.000200799,-3.13726e-05,0.000685227
0.36841948184299,-0.520036500300981,0.505432751698365,0.673097969130419,-0.615901691187264,-0.657924765669569,1826.385035,593.436548,-338.6011942,0.000242993,0.000181954,-0.000141941,0.000136677,-6.4102e-05,0.000178502
0.53320096069248,-0.45594459019508,0.531799143827737,0.86102090030446,-0.734372249187965,-0.712536598104549,1920.377277,0,-338.6017059,0.000394386,-0.000264903,-0.000166067,2.95989e-05,-5.42774e-05,-0.000231642
0.647044161455822,-0.303706252674803,0.584252108697755,0.940198173195288,-0.842602710710599,-0.65822325571797,1826.385035,-593.436548,-338.6011942,0.000618632,-0.000623413,-4.09095e-05,-4.48643e-05,-0.000108143,-0.000570996
0.699796889591929,-0.117800862059288,0.622583986170485,0.965047852213529,-0.900211268235266,-0.577356309681533,1553.617723,-1128.769256,-338.6029196,0.000823141,-0.001012572,3.75354e-06,-0.000107904,-0.000143873,-0.00091457
0.703208113798337,0.0682340441516699,0.629517502624507,0.963797847752316,-0.906434098311582,-0.514162943420179,1128.769256,-1553.617723,-338.6029196,0.000935817,-0.001349446,7.2432e-05,-0.000189722,-9.28649e-05,-0.001120347
0.672477730776006,0.241515483646407,0.606518259029277,0.949526417693261,-0.872712164228133,-0.482602403265784,593.436548,-1826.385035,-338.6011942,0.000959766,-0.001559826,0.000157398,-0.000197558,-7.56057e-05,-0.001215388
0.619594551321084,0.397780785490424,0.561878498967787,0.929268466586496,-0.810758785808881,-0.483246079646722,0,-1920.377277,-338.6017059,0.000917069,-0.001690013,0.000201269,-0.000252528,-8.64721e-05,-0.001205836
0.552930016822031,0.533992800168015,0.505591311021184,0.905402331216303,-0.730979863192839,-0.510017631635988,-593.436548,-1826.385035,-338.6011942,0.000654865,-0.001505164,0.000185128,-0.000218581,1.84615e-06,-0.000983972
0.478271278493438,0.644957043154679,0.44864146222377,0.874093117252464,-0.643611928023077,-0.551073203791401,-1128.769256,-1553.617723,-338.6029196,0.000327897,-0.001250037,0.000143597,-0.000256859,0.000133822,-0.00076966
0.39966644287947,0.72176817928723,0.403574291623353,0.821809262744193,-0.560131355795101,-0.585052322088508,-1553.617723,-1128.769256,-338.6029196,-1.89194e-05,-0.000729024,0.000125166,-0.000228675,0.000242364,-0.000413016
0.320104353511977,0.753259418351148,0.383136814727997,0.725461177127528,-0.494128988916813,-0.581879539703054,-1826.385035,-593.436548,-338.6011942,-0.000229297,-0.000121535,4.96e-05,-0.00015338,0.000265133,-9.96881e-05
0.444168615843498,1.15448406710125,0.303841002041434,1.00954111387546,-0.532368721382617,-0.940425858377528,-1970.489694,0,-527.98709,-0.00068784,0.001010367,-0.000643713,-8.56641e-05,0.000661733,0.000528067
0.382772024508235,0.996467994417702,0.425847409309248,0.772573294161971,-0.564632982480207,-0.796702511387899,-1874.046357,608.9167626,-527.9873361,-0.000785726,0.001478733,-0.000601954,-3.10787e-06,0.00066002,0.000795937
0.332095918088616,0.830326245393649,0.546897167231058,0.585569634886273,-0.630940884428422,-0.696879484131692,-1594.152149,1158.236491,-527.9840506,-0.000773595,0.001951715,-0.000572693,0.000141082,0.000601787,0.001131608
0.296832575357784,0.66062048551687,0.658779070828099,0.463377296471513,-0.713372355300052,-0.643638662627493,-1158.236491,1594.152149,-527.9840506,-0.000755636,0.002179802,-0.000789186,0.000248065,0.000634866,0.001354817
0.283796846263123,0.489451870248084,0.754023033409217,0.402766682923493,-0.795703327320826,-0.621718596949475,-608.9167626,1874.046357,-527.9873361,-0.000555536,0.002103033,-0.000634321,0.000301252,0.000448811,0.001451561
0.302249668250798,0.319941711689504,0.824548522971277,0.401582598151865,-0.865691055807605,-0.617644082177463,0,1970.489694,-527.98709,-0.000317902,0.001855512,-0.000512681,0.00034695,0.000294581,0.001429288
0.362595298930463,0.160540067491354,0.863726091879079,0.462841869075975,-0.918049042128658,-0.626236312079625,608.9167626,1874.046357,-527.9873361,-0.000179928,0.00138346,-0.000428666,0.000359599,0.000182737,0.001171028
0.470229923896023,0.0319936010920569,0.872980820141899,0.585671034676089,-0.960871134276645,-0.645492910198655,1158.236491,1594.152149,-527.9840506,-2.86466e-05,0.000964709,-0.000336873,0.000328578,5.12895e-05,0.000920109
0.613144759501503,-0.031624638174026,0.867656315220374,0.745046096986133,-1.01357476542823,-0.6590789004167,1594.152149,1158.236491,-527.9840506,0.000133739,0.000502302,-0.000268722,0.000196392,-2.31919e-05,0.000551758
0.756847611438792,-0.00669537004749903,0.86384382829976,0.892983786847995,-1.07900749977377,-0.638333812207741,1874.046357,608.9167626,-527.9873361,0.000341735,-7.67669e-06,-0.000214581,-9.43678e-07,-6.93873e-05,6.68197e-06
0.865017936769384,0.0933451402607905,0.857468828376483,0.998343109494467,-1.13246287128679,-0.582403782505146,1970.489694,0,-527.98709,0.000636865,-0.000428275,-0.000137161,-9.31991e-05,-0.000155302,-0.000446869
0.922861963295688,0.234968272783968,0.834180448650445,1.05976925169743,-1.15332573221928,-0.51820229853441,1874.046357,-608.9167626,-527.9873361,0.000987772,-0.000804243,-6.26243e-05,-0.000191543,-0.000232724,-0.000837025
0.935039220432763,0.392976597427372,0.78714468104413,1.08912743975761,-1.13830198967986,-0.470596978855022,1594.152149,-1158.236491,-527.9840506,0.001271469,-0.001171865,2.04712e-05,-0.000253028,-0.000193756,-0.001129637
0.912896886725438,0.555205887594855,0.717326502567535,1.10078437567289,-1.09193097731945,-0.454311243013223,1158.236491,-1594.152149,-527.9840506,0.00149732,-0.001499542,3.93434e-05,-0.000345585,-0.00017579,-0.001313706
0.867164426110225,0.716788226969191,0.628558483295912,1.10802117659477,-1.02003554828424,-0.477326211850481,608.9167626,-1874.046357,-527.9873361,0.001465085,-0.001635696,2.88483e-05,-0.000390141,-0.000111068,-0.001276295
0.806198139942455,0.875807850184539,0.525087179119897,1.12258014877543,-0.928559964488349,-0.545295156039657,0,-1970.489694,-527.98709,0.001275153,-0.001647436,-2.45698e-05,-0.00042844,1.34359e-05,-0.001112325
0.736167605335908,1.03086922408506,0.411388153199279,1.15517671218502,-0.824098097473635,-0.662628877251444,-608.9167626,-1874.046357,-527.9873361,0.000905368,-0.001388939,-9.23932e-05,-0.000371592,0.000128294,-0.00090468
0.661670750309694,1.17794578140943,0.294176065379327,1.21438408869388,-0.715029604766015,-0.830305241926897,-1158.236491,-1594.152149,-527.9840506,0.000410832,-0.000885383,-0.000197003,-0.000316322,0.000256105,-0.000532182
0.586275909420696,1.29478373870559,0.19547347021333,1.28629028483978,-0.614359335524229,-1.02186782809424,-1594.152149,-1158.236491,-527.9840506,-6.17778e-05,-0.000284833,-0.000319126,-0.000248558,0.000428918,-0.000175479
0.512910211532944,1.28428101119034,0.20071770656989,1.23055470087289,-0.547502516007089,-1.06989412677426,-1874.046357,-608.9167626,-527.9873361,-0.000397547,0.000333093,-0.000403001,-0.000168079,0.000512156,0.00016107
0.537122400140715,0.360738578402284,0.790542716320979,0.697427141572898,-0.921781617753206,-0.468776808139373,0,-1970.489694,-527.98709,0.000656509,-0.001616771,8.66283e-05,-0.000372209,2.2906e-05,-0.001175875
0.472430474112312,0.500876302301592,0.772254706472701,0.577152629583292,-0.977552635743639,-0.404052893890972,-608.9167626,-1874.046357,-527.9873361,0.000525435,-0.001657804,7.88603e-05,-0.000408092,0.000112555,-0.001114143
0.391052820302133,0.614020654731946,0.751063246118754,0.452992592134536,-1.02100160844557,-0.332885261045189,-1158.236491,-1594.152149,-527.9840506,0.000299241,-0.001407187,3.38755e-05,-0.000329019,0.000210978,-0.000921693
0.299091207339053,0.69562136877638,0.733419490878995,0.331788185998228,-1.05266916992077,-0.254709872245787,-1594.152149,-1158.236491,-527.9840506,5.54886e-05,-0.00104083,-5.79514e-05,-0.00026983,0.000346182,-0.000640189
0.201224394850366,0.740102095483625,0.72530481238171,0.216681117448892,-1.0735803094529,-0.170998462404424,-1874.046357,-608.9167626,-527.9873361,-0.000121248,-0.000444592,-0.000124564,-0.00019882,0.000359675,-0.000271412
0.10114071192062,0.743154500067109,0.730575519972503,0.107574155502897,-1.08369307735525,-0.0852008376094329,-1970.489694,0,-527.98709,-0.000240236,0.000220434,-0.000181365,-0.000138434,0.000379726,0.000216619
0.00202009205535937,0.704222348886747,0.749032998149557,0.00216426428008867,-1.08099622269487,-0.00167652343359893,-1874.046357,608.9167626,-527.9873361,-0.00029372,0.000869953,-0.000270252,-2.41582e-05,0.000457835,0.000592897
-0.0928141837530245,0.626861479418378,0.776123453732687,-0.102103105878231,-1.06189889564393,0.0758102479085432,-1594.152149,1158.236491,-527.9840506,-0.000211845,0.001377369,-0.000315097,8.58677e-05,0.000458225,0.000889514
-0.179157066493112,0.516571774946216,0.804640918961115,-0.205855148672983,-1.02267168398714,0.145276977933417,-1158.236491,1594.152149,-527.9840506,-0.000106685,0.001672986,-0.000278066,0.000169366,0.00039133,0.001096801
-0.251194602854016,0.378233125095223,0.82659935343381,-0.306323681066117,-0.960491858173158,0.206935835252801,-608.9167626,1874.046357,-527.9873361,1.02156e-05,0.001795553,-0.000286712,0.000278582,0.000348417,0.001206452
-0.300677647750066,0.214901979249424,0.834029145708524,-0.396489125779552,-0.87401435106692,0.262478230295587,0,1970.489694,-527.98709,0.0001161,0.001714784,-0.00024234,0.000377422,0.000250077,0.001191772
-0.31588463275672,0.028225876037357,0.818030760176642,-0.464712686279458,-0.760310807187,0.313283516736194,608.9167626,1874.046357,-527.9873361,0.000189029,0.001451004,-0.000219548,0.000410716,0.000137346,0.001049822
-0.28059441631873,-0.17729577302776,0.769948579195563,-0.489819076527129,-0.614153540261468,0.352250926709039,1158.236491,1594.152149,-527.9840506,0.000224948,0.001113726,-0.000150136,0.000422613,2.96593e-05,0.000804178
-0.176048386909491,-0.381032697618072,0.691757162688575,-0.408537400641445,-0.437195631211902,0.324214366535646,1594.152149,1158.236491,-527.9840506,0.000236419,0.00074924,-0.000118643,0.000374495,-7.11292e-05,0.000529741
0.0043610619686734,-0.524711012320472,0.618965262387302,0.0145638865042314,-0.287029504437495,-0.0125468732271259,1874.046357,608.9167626,-527.9873361,0.000222947,0.000295072,-9.89878e-05,0.000184332,-0.000117179,0.00024271
0.224850001160355,-0.531699181491093,0.611552578702581,0.705666953894366,-0.328954793357799,-0.600526217679676,1970.489694,0,-527.98709,0.000308503,-5.72127e-05,-7.70393e-05,7.82579e-05,-0.000214467,-4.2387e-05
0.41482012745063,-0.397743006267968,0.672721419754822,0.929862248891042,-0.495377707593965,-0.724963468740587,1874.046357,-608.9167626,-527.9873361,0.000430218,-0.000463864,-4.23203e-05,-0.000138286,-0.000211997,-0.000392316
0.532496640577753,-0.197151848460685,0.743534075843629,0.941518949186872,-0.64738012058167,-0.668270951811686,1594.152149,-1158.236491,-527.9840506,0.000555755,-0.000817068,-7.64083e-06,-0.000259675,-0.000219031,-0.000687553
0.580655800876287,0.00845169340770435,0.78600733915693,0.889863018590375,-0.763157874831184,-0.595411166580091,1158.236491,-1594.152149,-527.9840506,0.000681935,-0.00115605,4.02088e-05,-0.000354696,-0.000187991,-0.00095978
0.576973708551288,0.196114198035029,0.798354233745187,0.804823663660445,-0.851822294325469,-0.530439659051338,608.9167626,-1874.046357,-527.9873361,0.000695095,-0.001441056,6.05365e-05,-0.000401,-8.42499e-05,-0.001089617
0.201645303514232,0.789186796903175,0.649072730418278,0.326122981811139,-0.675325802682642,-1.82887492221088,-1876.391223,-504.6851122,-164.16125,-0.000215253,-0.000569997,0.000243509,-5.24437e-05,5.22692e-05,-0.000569261
0.203117701319392,0.733544312638308,0.59773118580541,0.350832944604764,-0.627289581980355,-1.85885456145477,-1828.025969,-504.6912798,-453.990936,-0.000170229,-0.0005966,0.00012672,-3.80541e-05,0.000173515,-0.000541946
0.206003180693353,0.669891722849085,0.553194474520814,0.378543169746871,-0.586540709727611,-1.89066974078371,-1735.170378,-504.6892137,-732.7841126,-0.000173406,-0.000594853,-4.14123e-05,2.58882e-05,0.000224789,-0.0005883
0.210348383116913,0.598901824385948,0.515440414476896,0.408752120121737,-0.553104543813111,-1.92391343545349,-1600.093614,-504.6901234,-993.7244622,-7.45608e-05,-0.000548956,-0.000201923,2.18925e-05,0.000358816,-0.000444841
0.216219743151786,0.521490940588001,0.48422511685464,0.440869071590734,-0.526784267471367,-1.95807225686464,-1426.061091,-504.6872321,-1230.50419,-7.34928e-05,-0.000557726,-0.000362872,6.33013e-05,0.000426669,-0.000517106
0.223702030567076,0.438763121536028,0.459225336728201,0.474208801780875,-0.507297700232237,-1.99251108493835,-1217.332328,-504.6891186,-1437.320735,3.65857e-05,-0.000526043,-0.000510819,0.000128808,0.000515113,-0.000417326
0.23289316304621,0.351929600772705,0.440079686746259,0.508038154771133,-0.494317269276931,-2.02652051489217,-978.9899814,-504.6911616,-1609.150536,6.14575e-05,-0.00055193,-0.000560516,0.000149172,0.000602319,-0.000466893
0.243898140993251,0.262259898507342,0.426485463810132,0.541570631618948,-0.487556294501965,-2.05930359797373,-716.8209332,-504.6885142,-1741.825839,7.87348e-05,-0.000520448,-0.000686422,0.000165658,0.000642506,-0.00048237
0.25681685431368,0.171074876497002,0.41827652322154,0.573939739182561,-0.486828223423178,-2.08994095407426,-437.1919116,-504.6900639,-1832.116582,0.000245341,-0.000498896,-0.000690063,0.000172525,0.000653436,-0.000316261
0.271721303773261,0.0797785316622896,0.415437646931134,0.604209214957893,-0.492039989674335,-2.11739885260309,-146.9183609,-504.6871338,-1877.819451,0.000250039,-0.000465118,-0.000706245,0.000126493,0.000708072,-0.000328585
0.28862869849295,-0.0101005793257052,0.418184218342455,0.631325377321043,-0.503234146651527,-2.14046736150955,146.9183609,-504.6871338,-1877.819451,0.000274184,-0.000462914,-0.000740707,0.000204044,0.000675343,-0.000329338
0.307462633892217,-0.0968394958433738,0.42698746431077,0.65413123948235,-0.520576864360308,-2.1577655309109,437.1919116,-504.6900639,-1832.116582,0.000328638,-0.0004619,-0.000732727,0.000220335,0.000713469,-0.000330541
0.327997304333891,-0.178381175487216,0.442636462851671,0.671358032771281,-0.544371917706056,-2.16771921344819,716.8209332,-504.6885142,-1741.825839,0.000366461,-0.000440191,-0.000701933,0.000271609,0.000718618,-0.00028205
0.349798323023493,-0.25216441669497,0.466350905722455,0.681613768621176,-0.575126454339905,-2.16852624147701,978.9899814,-504.6911616,-1609.150536,0.000396543,-0.000413265,-0.00063769,0.000256462,0.000679938,-0.000221074
0.372171580371485,-0.314918931609616,0.499859643648982,0.683484670298594,-0.613625295943,-2.15823971068873,1217.332328,-504.6891186,-1437.320735,0.000373609,-0.00038718,-0.00058374,0.000255011,0.000598664,-0.000219322
0.394125942641969,-0.362327158761492,0.545577220794467,0.675629767828906,-0.661143792997017,-2.13483050827629,1426.061091,-504.6872321,-1230.50419,0.000333298,-0.000355122,-0.000529374,0.000238869,0.000549272,-0.000188082
0.414392065729358,-0.388691143907293,0.60669509404376,0.657106542924397,-0.719700813924429,-2.09649571784904,1600.093614,-504.6901234,-993.7244622,0.000370273,-0.000314649,-0.000391686,0.000209889,0.000383294,-9.15657e-05
0.43152586595588,-0.386792466362027,0.687047053806325,0.627961873383445,-0.792244568548641,-2.04227798267903,1735.170378,-504.6892137,-732.7841126,0.000327481,-0.000273232,-0.00030869,0.000183393,0.000317227,-8.94735e-05
0.444092541130193,-0.348428253174246,0.790386486489112,0.589987028491018,-0.882367020915678,-1.97298329756014,1828.025969,-504.6912798,-453.990936,0.000283504,-0.000232498,-0.000216789,0.000145481,0.000213452,-5.12541e-05
0.450916098350682,-0.26693203269026,0.917999286282342,0.547381007231763,-0.992379539351888,-1.89244228495473,1876.391223,-504.6851122,-164.16125,0.000301181,-0.000202641,-0.000119261,8.6634e-05,2.43081e-05,8.94865e-05
0.557292647230837,0.297266321267364,0.522848389088762,0.895270681120374,-0.744679118298022,-0.742483876326119,0,-1970.489694,-527.98709,0.000669112,-0.001727098,0.00017063,-0.000199749,7.69013e-05,-0.001214684
0.493809425588491,0.440070946486431,0.513171300397205,0.732836849360131,-0.781575371180266,-0.626382073775704,-608.9167626,-1874.046357,-527.9873361,0.00049709,-0.001680295,0.000106978,-0.000219431,0.000145428,-0.001127264
0.414351204779042,0.554788412517227,0.4990082690728,0.575288105164428,-0.810207767387135,-0.509766144002475,-1158.236491,-1594.152149,-527.9840506,0.000294092,-0.001467772,0.000107083,-0.000172476,0.000186744,-0.000958534
0.324739096284599,0.635628340333244,0.487173858305333,0.427638649272683,-0.831382050734183,-0.391514149395211,-1594.152149,-1158.236491,-527.9840506,2.43952e-05,-0.000995192,-4.78059e-06,-0.00015487,0.000304166,-0.000633041
0.229532320561189,0.675923161341358,0.484079791490874,0.291495897462859,-0.845758414700257,-0.272411589695472,-1874.046357,-608.9167626,-527.9873361,-0.000160847,-0.000400567,-2.74264e-05,-0.000138783,0.00028015,-0.000277995
0.132402224709551,0.671038097164229,0.493389156064197,0.165572616912105,-0.852119817461464,-0.155096959889881,-1970.489694,0,-527.98709,-0.000331396,0.00035134,-0.000116933,-0.000122488,0.000378425,0.000253652
0.036577436362856,0.621283613077856,0.513698496121859,0.0461813541151987,-0.846395768102381,-0.0425412457726221,-1874.046357,608.9167626,-527.9873361,-0.000312321,0.001026358,-0.000122255,-0.000105033,0.000310306,0.000651955
-0.0545275800861851,0.531724877624604,0.53878009065138,-0.0714602244143503,-0.822846927656081,0.063855561196521,-1594.152149,1158.236491,-527.9840506,-0.000275265,0.001593211,-0.000231396,-1.92031e-05,0.00041033,0.000952007
-0.136578338343634,0.409173408918314,0.560162844501867,-0.191375879570612,-0.776497562265326,0.165347047889223,-1158.236491,1594.152149,-527.9840506,-0.000131598,0.001919568,-0.000270144,3.16852e-05,0.000399438,0.001183304
-0.203580604699456,0.25957113676417,0.569427519570627,-0.315594760620567,-0.704426380668832,0.266062671099872,-608.9167626,1874.046357,-527.9873361,8.7421e-07,0.001998264,-0.000269879,9.40185e-05,0.000342977,0.001270964
-0.247052615049386,0.0874920881538124,0.559298118680506,-0.443715573050109,-0.606072625333096,0.37243550958457,0,1970.489694,-527.98709,0.000101589,0.001865927,-0.000300936,0.000163119,0.000333633,0.001226731
-0.255113429544362,-0.101925645267931,0.52375151826232,-0.574099595634081,-0.480220226757149,0.49272403482274,608.9167626,1874.046357,-527.9873361,0.000183529,0.001561402,-0.00028529,0.000204109,0.000233883,0.001044651
-0.212013813290146,-0.297265341963121,0.461302805278443,-0.702181709750782,-0.324633117972556,0.632016593503746,1158.236491,1594.152149,-527.9840506,0.000212596,0.001173382,-0.000265251,0.00023598,0.000110739,0.000771183
-0.101604405655582,-0.470699561454473,0.384580944656993,-0.771537401806472,-0.14017000140763,0.738209113820373,1594.152149,1158.236491,-527.9840506,0.000256249,0.000734539,-0.000185491,0.000186841,-5.22914e-05,0.000414465
0.0766857882262824,-0.572898231404726,0.328890772062842,1.62553074522242,-0.072600469360055,-1.60063938843977,1874.046357,608.9167626,-527.9873361,0.000292993,0.000293515,-0.000148582,8.37887e-05,-0.000145895,0.000221303
0.283543569492594,-0.559437321254723,0.331345733688207,1.68414259863534,-0.26777429682228,-1.58895863768138,1970.489694,0,-527.98709,0.000338747,-0.000148357,-8.11192e-05,1.5822e-05,-7.00234e-05,-0.000214817
0.456098270624509,-0.43615371607422,0.386189534692477,1.52807452318559,-0.429902882713654,-1.36526064301367,1874.046357,-608.9167626,-527.9873361,0.000530424,-0.000580598,-9.91707e-05,-5.98017e-05,-0.000152421,-0.000508926
0.561367830114887,-0.252794455945797,0.452164020110498,1.36906849625965,-0.549007617791773,-1.16202278467645,1594.152149,-1158.236491,-527.9840506,0.000678123,-0.000935661,-3.8743e-05,-0.000114731,-0.000130118,-0.00076833
0.603193795314519,-0.0559018899859574,0.499046960578856,1.21417432071268,-0.634354262196593,-0.998085326109277,1158.236491,-1594.152149,-527.9840506,0.000737032,-0.001229566,1.86857e-05,-0.000139648,-7.61761e-05,-0.001021732
0.597192050632409,0.130529476194531,0.520751719473288,1.05680955760755,-0.697114232661415,-0.862973647102756,608.9167626,-1874.046357,-527.9873361,0.000774536,-0.001537075,8.04675e-05,-0.000209483,-5.99526e-05,-0.001178564
0.443049231648971,0.98913611005257,0.507222608313835,0.773693070008382,-0.660473597559825,-2.22787076089704,-1876.391223,-504.6851122,-164.16125,-0.000260938,-9.87853e-05,0.000218694,-3.31469e-05,5.27384e-05,-0.000357703
0.445941300513523,0.937820239407531,0.461867807452689,0.820502047437297,-0.6306004949588,-2.2847727391528,-1828.025969,-504.6912798,-453.990936,-0.000176473,-0.000108315,1.78273e-05,3.56416e-05,0.000178506,-0.000248045
0.451590382919778,0.876987411237279,0.425266201578365,0.865945752054415,-0.61006262253608,-2.33763498530321,-1735.170378,-504.6892137,-732.7841126,-0.000165951,-0.000140417,-0.000193933,1.02568e-05,0.000303113,-0.000286711
0.460050716370504,0.807853061662795,0.397171417744724,0.907978448711419,-0.598321967888971,-2.38459657344925,-1600.093614,-504.6901234,-993.7244622,-7.38795e-05,-0.000137417,-0.000320942,1.01315e-05,0.000341262,-0.000210685
0.471393179733825,0.732054203406431,0.376989851670804,0.94532107548398,-0.594600784202984,-2.42455566676218,-1426.061091,-504.6872321,-1230.50419,7.25731e-05,-0.000156844,-0.000488124,4.52123e-05,0.000399401,-0.000125997
0.485697757609632,0.651436372751988,0.36405826043849,0.977366707912819,-0.598132349908514,-2.45702546149767,-1217.332328,-504.6891186,-1437.320735,2.82789e-05,-0.000152532,-0.000619777,3.26976e-05,0.000576506,-0.000274656
0.503037638809314,0.567880574738857,0.357772740055304,1.00403127383693,-0.608256869461783,-2.48196761102674,-978.9899814,-504.6911616,-1609.150536,0.000131154,-0.00021104,-0.000745567,5.39267e-05,0.000629193,-0.000262821
0.523461198449214,0.483218418272473,0.357715970952455,1.02550471429722,-0.624476093598315,-2.49951827721099,-716.8209332,-504.6885142,-1741.825839,0.000212239,-0.000243053,-0.00083967,8.30716e-05,0.000709712,-0.000279896
0.546963419231332,0.399232798024453,0.36371967057786,1.0420592985626,-0.646441934550223,-2.50978005923048,-437.1919116,-504.6900639,-1832.116582,0.000297239,-0.000275528,-0.000911015,4.74008e-05,0.000776724,-0.000262133
0.573442005313813,0.317710578068732,0.37583841537723,1.05398343862677,-0.673883670108442,-2.5127597638693,-146.9183609,-504.6871338,-1877.819451,0.000392101,-0.000339603,-0.000924255,6.37113e-05,0.000803063,-0.000271491
0.602655192117874,0.240492229394554,0.394378456878148,1.06149155935846,-0.706571296595352,-2.5082638934546,146.9183609,-504.6871338,-1877.819451,0.000463398,-0.000347397,-0.00089907,0.000113263,0.000776832,-0.000249303
0.634173482738001,0.169529444115202,0.419858095909268,1.06473204463639,-0.744250143595018,-2.49591491232522,437.1919116,-504.6900639,-1832.116582,0.000444342,-0.000388916,-0.001002039,0.000114635,0.000936304,-0.000397816
0.667325276572419,0.106965260427265,0.452975453873946,1.06378009808006,-0.786590287155611,-2.47516247453478,716.8209332,-504.6885142,-1741.825839,0.000566721,-0.000439934,-0.000930632,0.000103635,0.000839833,-0.000276188
0.701165624089766,0.0551850260328172,0.494589085109308,1.05862204171864,-0.833180925116833,-2.44529506519778,978.9899814,-504.6911616,-1609.150536,0.000603953,-0.000442039,-0.000822318,0.000101366,0.000794178,-0.000256787
0.734482335481469,0.0168147773568562,0.545611613380042,1.04920907422638,-0.883537022625572,-2.40557130509987,1217.332328,-504.6891186,-1437.320735,0.000603231,-0.00046093,-0.000664071,0.000124067,0.000651854,-0.000310488
0.765831334400139,-0.00529316795368415,0.606906856761766,1.03546809318571,-0.937156496452584,-2.35533810250695,1426.061091,-504.6872321,-1230.50419,0.000641042,-0.000444524,-0.000537055,0.000135804,0.000563324,-0.000239975
0.793631624465768,-0.00823229721296143,0.679041382116401,1.0173988584393,-0.993567528774119,-2.29431729556948,1600.093614,-504.6901234,-993.7244622,0.000585739,-0.000445232,-0.000457348,0.000126898,0.000467966,-0.000293222
0.816314469712742,0.0105578736364321,0.761892625617087,0.995211173398563,-1.05232332804257,-2.2230149983546,1735.170378,-504.6892137,-732.7841126,0.000499505,-0.000428686,-0.000325888,8.7383e-05,0.000332982,-0.000339626
0.832489049548739,0.0526729329567969,0.854188803013409,0.969414306464193,-1.11288998076099,-2.14312660798974,1828.025969,-504.6912798,-453.990936,0.000513495,-0.0004182,-0.000202381,7.28871e-05,0.000180742,-0.000259886
0.841112073342091,0.117820357020514,0.952887914153153,0.940886429125046,-1.17428541005603,-2.05798851856229,1876.391223,-504.6851122,-164.16125,0.000484438,-0.000406959,-7.76123e-05,2.09629e-05,7.81073e-06,-0.000240099
